time_s,timestamp,indoor_c,outdoor_c,cooling_electric_kw,cooling_fans_pumps_kw,cooling_delivered_kw
0.0,2018-07-18 00:00:00,23.888888888888903,28.9,1.044,0.304,3.79116736371912
900.0,2018-07-18 00:15:00,23.888888888888903,28.625,1.008,0.296,3.68566177845792
1800.0,2018-07-18 00:30:00,23.888888888888896,28.35,0.98,0.292,3.60242959452964
2700.0,2018-07-18 00:45:00,23.888888888888896,28.075000000000003,0.956,0.284,3.52974796912748
3600.0,2018-07-18 01:00:00,23.888888888888896,27.8,0.932,0.28,3.46058319656736
4500.0,2018-07-18 01:15:00,23.888888888888903,27.525,0.912,0.276,3.399624413972
5400.0,2018-07-18 01:30:00,23.8888888888889,27.25,0.892,0.268,3.34335476849936
6300.0,2018-07-18 01:45:00,23.8888888888889,26.975,0.876,0.264,3.29060197586876
7200.0,2018-07-18 02:00:00,23.8888888888889,26.7,0.856,0.26,3.2401937517995196
8100.0,2018-07-18 02:15:00,23.888888888888903,26.55,0.84,0.256,3.18626867488824
9000.0,2018-07-18 02:30:00,23.888888888888903,26.4,0.824,0.252,3.135860450819
9900.0,2018-07-18 02:45:00,23.8888888888889,26.250000000000004,0.804,0.248,3.06200654113616
10800.0,2018-07-18 03:00:00,23.888888888888903,26.1,0.792,0.244,3.01159831706692
11700.0,2018-07-18 03:15:00,23.888888888888903,25.975,0.784,0.244,2.99753090569876
12600.0,2018-07-18 03:30:00,23.8888888888889,25.85,0.776,0.24,2.96822379868176
13500.0,2018-07-18 03:45:00,23.8888888888889,25.725,0.764,0.236,2.9365721231034
14400.0,2018-07-18 04:00:00,23.8888888888889,25.6,0.756,0.236,2.90609273180572
15300.0,2018-07-18 04:15:00,23.888888888888896,25.450000000000003,0.748,0.232,2.87561334050804
16200.0,2018-07-18 04:30:00,23.888888888888896,25.3,0.736,0.228,2.8451339492103602
17100.0,2018-07-18 04:45:00,23.888888888888903,25.15,0.728,0.228,2.81699912647404
18000.0,2018-07-18 05:00:00,23.888888888888907,25.0,0.716,0.224,2.78886430373772
18900.0,2018-07-18 05:15:00,23.8888888888889,25.15,0.728,0.228,2.8240328321581196
19800.0,2018-07-18 05:30:00,23.888888888888903,25.3,0.732,0.228,2.82989425356152
20700.0,2018-07-18 05:45:00,23.8888888888889,25.450000000000003,0.74,0.228,2.83927252780696
21600.0,2018-07-18 06:00:00,23.8888888888889,25.6,0.744,0.232,2.84747851777172
22500.0,2018-07-18 06:15:00,23.8888888888889,25.6,0.76,0.236,2.89436988899892
23400.0,2018-07-18 06:30:00,23.8888888888889,25.6,0.716,0.22,2.7138381097742
24300.0,2018-07-18 06:45:00,23.8888888888889,25.6,0.748,0.232,2.8310665378422
25200.0,2018-07-18 07:00:00,23.8888888888889,25.6,0.764,0.236,2.88147476191144
26100.0,2018-07-18 07:15:00,23.888888888888903,25.6625,0.768,0.24,2.88850846759552
27000.0,2018-07-18 07:30:00,23.8888888888889,25.725,0.78,0.24,2.9236769960159203
27900.0,2018-07-18 07:45:00,23.8888888888889,25.7875,0.788,0.244,2.94946725019088
28800.0,2018-07-18 08:00:00,23.888888888888903,25.85,0.744,0.228,2.7783137452116002
29700.0,2018-07-18 08:15:00,23.888888888888903,26.3375,0.784,0.24,2.89788674184096
30600.0,2018-07-18 08:30:00,23.8888888888889,26.825000000000003,1.008,0.308,3.71145203263288
31500.0,2018-07-18 08:45:00,23.8888888888889,27.3125,1.136,0.344,4.17098747065944
32400.0,2018-07-18 09:00:00,23.888888888888903,27.8,1.208,0.364,4.4019274739534
33300.0,2018-07-18 09:15:00,23.888888888888903,28.35,1.272,0.38,4.59066524314288
34200.0,2018-07-18 09:30:00,23.8888888888889,28.9,1.116,0.328,3.97521599578588
35100.0,2018-07-18 09:45:00,23.888888888888903,29.45,1.136,0.328,3.9787328486279203
36000.0,2018-07-18 10:00:00,23.888888888888896,30.0,1.212,0.348,4.20029457767644
36900.0,2018-07-18 10:15:00,23.888888888888896,30.55,1.28,0.364,4.3972383368306796
37800.0,2018-07-18 10:30:00,23.888888888888903,31.1,1.4,0.396,4.7500959053153595
38700.0,2018-07-18 10:45:00,23.888888888888903,31.65,1.508,0.42,5.065440376818279
39600.0,2018-07-18 11:00:00,23.888888888888903,32.2,1.588,0.44,5.28934667442816
40500.0,2018-07-18 11:15:00,23.888888888888896,32.75,1.652,0.452,5.434709925232481
41400.0,2018-07-18 11:30:00,23.8888888888889,33.3,1.692,0.456,5.50270241351192
42300.0,2018-07-18 11:45:00,23.888888888888903,33.849999999999994,1.78,0.476,5.7277809954024805
43200.0,2018-07-18 12:00:00,23.888888888888896,34.4,1.848,0.488,5.88252252045224
44100.0,2018-07-18 12:15:00,23.8888888888889,34.825,1.908,0.5,6.037264045502001
45000.0,2018-07-18 12:30:00,23.888888888888896,35.25,1.976,0.516,6.20255612907788
45900.0,2018-07-18 12:45:00,23.8888888888889,35.675000000000004,2.052,0.532,6.4006721725128
46800.0,2018-07-18 13:00:00,23.888888888888903,36.1,2.128,0.544,6.58706537314092
47700.0,2018-07-18 13:15:00,23.8888888888889,36.25,2.164,0.552,6.7054660854896
48600.0,2018-07-18 13:30:00,23.8888888888889,36.400000000000006,2.2,0.56,6.80745481790876
49500.0,2018-07-18 13:45:00,23.888888888888903,36.55,2.256,0.576,6.95985177439716
50400.0,2018-07-18 14:00:00,23.888888888888896,36.7,2.308,0.588,7.10521502520148
51300.0,2018-07-18 14:15:00,23.8888888888889,37.1,2.36,0.596,7.20134233621724
52200.0,2018-07-18 14:30:00,23.8888888888889,37.5,2.428,0.608,7.334982744214759
53100.0,2018-07-18 14:45:00,23.8888888888889,37.9,2.5,0.62,7.487379700703159
54000.0,2018-07-18 15:00:00,23.888888888888903,38.3,2.74,0.68,8.12510234939308
54900.0,2018-07-18 15:15:00,23.8888888888889,38.45,2.94,0.728,8.77103098804776
55800.0,2018-07-18 15:30:00,23.8888888888889,38.6,2.86,0.704,8.56001981752536
56700.0,2018-07-18 15:45:00,23.888888888888903,38.75,2.844,0.7,8.43575768377328
57600.0,2018-07-18 16:00:00,23.888888888888896,38.9,2.868,0.704,8.48030448643912
58500.0,2018-07-18 16:15:00,23.8888888888889,38.9,2.908,0.712,8.60808347303324
59400.0,2018-07-18 16:30:00,23.8888888888889,38.9,2.932,0.72,8.6983493626456
60300.0,2018-07-18 16:45:00,23.888888888888903,38.9,2.932,0.72,8.7100722054524
61200.0,2018-07-18 17:00:00,23.8888888888889,38.9,2.884,0.708,8.57057037605148
62100.0,2018-07-18 17:15:00,23.888888888888903,38.625,2.748,0.676,8.2235742289702
63000.0,2018-07-18 17:30:00,23.888888888888903,38.35,2.628,0.648,7.914091178870681
63900.0,2018-07-18 17:45:00,23.888888888888907,38.075,2.536,0.628,7.6901848812608
64800.0,2018-07-18 18:00:00,23.888888888888903,37.8,2.476,0.616,7.55302762042124
65700.0,2018-07-18 18:15:00,23.888888888888907,37.65,2.428,0.608,7.44517746659868
66600.0,2018-07-18 18:30:00,23.8888888888889,37.5,2.396,0.6,7.37015127263516
67500.0,2018-07-18 18:45:00,23.888888888888903,37.35,2.36,0.592,7.2845745201455205
68400.0,2018-07-18 19:00:00,23.8888888888889,37.2,2.324,0.584,7.194308630533159
69300.0,2018-07-18 19:15:00,23.888888888888896,36.650000000000006,2.228,0.568,6.99970943994028
70200.0,2018-07-18 19:30:00,23.888888888888903,36.1,2.104,0.54,6.68905410556008
71100.0,2018-07-18 19:45:00,23.888888888888896,35.55,1.992,0.516,6.39598303539008
72000.0,2018-07-18 20:00:00,23.888888888888903,35.0,1.856,0.484,6.031402624098599
72900.0,2018-07-18 20:15:00,23.8888888888889,34.575,1.836,0.484,6.01030150704636
73800.0,2018-07-18 20:30:00,23.888888888888896,34.15,1.752,0.464,5.78639520943648
74700.0,2018-07-18 20:45:00,23.888888888888903,33.724999999999994,1.712,0.46,5.69495703554344
75600.0,2018-07-18 21:00:00,23.8888888888889,33.3,1.652,0.448,5.54373236333572
76500.0,2018-07-18 21:15:00,23.8888888888889,33.175,1.628,0.44,5.4687061693722
77400.0,2018-07-18 21:30:00,23.888888888888896,33.05,1.6,0.436,5.38781855400528
78300.0,2018-07-18 21:45:00,23.8888888888889,32.925,1.568,0.428,5.29051895870884
79200.0,2018-07-18 22:00:00,23.888888888888896,32.8,1.52,0.416,5.145155707904521
80100.0,2018-07-18 22:15:00,23.888888888888896,32.525,1.476,0.404,5.030271848397881
81000.0,2018-07-18 22:30:00,23.8888888888889,32.25,1.444,0.4,4.955245654434361
81900.0,2018-07-18 22:45:00,23.8888888888889,31.975,1.42,0.392,4.90718199892648
82800.0,2018-07-18 23:00:00,23.8888888888889,31.7,1.404,0.392,4.87787489190948
83700.0,2018-07-18 23:15:00,23.888888888888903,31.275,1.328,0.372,4.66686372138708
84600.0,2018-07-18 23:30:00,23.8888888888889,30.85,1.272,0.36,4.50860534349528
85500.0,2018-07-18 23:45:00,23.888888888888896,30.425,1.228,0.352,4.37496493549776
86400.0,2018-07-19 00:00:00,23.8888888888889,30.0,1.184,0.34,4.25070280174568
87300.0,2018-07-19 00:15:00,23.888888888888896,29.725,1.14,0.328,4.10768411950272
88200.0,2018-07-19 00:30:00,23.888888888888896,29.45,1.112,0.324,4.02327965129376
89100.0,2018-07-19 00:45:00,23.888888888888893,29.175,1.088,0.316,3.93535833024276
90000.0,2018-07-19 01:00:00,23.888888888888903,28.9,1.06,0.312,3.8521261463144802
90900.0,2018-07-19 01:15:00,23.888888888888896,28.625,1.032,0.304,3.76068797242144
91800.0,2018-07-19 01:30:00,23.888888888888896,28.35,1.0,0.296,3.64932096575684
92700.0,2018-07-19 01:45:00,23.8888888888889,28.075000000000003,0.98,0.292,3.5871898988808
93600.0,2018-07-19 02:00:00,23.8888888888889,27.8,0.956,0.288,3.51568055775932
94500.0,2018-07-19 02:15:00,23.8888888888889,27.65,0.94,0.284,3.46058319656736
95400.0,2018-07-19 02:30:00,23.888888888888903,27.5,0.928,0.28,3.4113472567788
96300.0,2018-07-19 02:45:00,23.888888888888903,27.35,0.912,0.276,3.3668004541129597
97200.0,2018-07-19 03:00:00,23.8888888888889,27.2,0.9,0.272,3.3234259357278
98100.0,2018-07-19 03:15:00,23.8888888888889,27.075,0.888,0.268,3.28591283874604
99000.0,2018-07-19 03:30:00,23.8888888888889,26.95,0.876,0.268,3.25191659460632
99900.0,2018-07-19 03:45:00,23.888888888888896,26.825,0.868,0.264,3.2202649190279597
100800.0,2018-07-19 04:00:00,23.8888888888889,26.7,0.856,0.26,3.1886132434496
101700.0,2018-07-19 04:15:00,23.8888888888889,26.55,0.844,0.256,3.14523872506444
102600.0,2018-07-19 04:30:00,23.888888888888893,26.4,0.824,0.252,3.0760739525043204
103500.0,2018-07-19 04:45:00,23.888888888888903,26.250000000000004,0.784,0.24,2.9377444073840797
104400.0,2018-07-19 05:00:00,23.888888888888896,26.1,0.8,0.248,3.00222004282148
105300.0,2018-07-19 05:15:00,23.888888888888896,25.975,0.804,0.248,3.0198043070316802
106200.0,2018-07-19 05:30:00,23.888888888888903,25.85,0.792,0.244,2.99166948429536
107100.0,2018-07-19 05:45:00,23.8888888888889,25.725,0.784,0.244,2.95884552443632
108000.0,2018-07-19 06:00:00,23.8888888888889,25.6,0.776,0.24,2.92719384885796
108900.0,2018-07-19 06:15:00,23.8888888888889,25.6,0.772,0.24,2.90960958464776
109800.0,2018-07-19 06:30:00,23.8888888888889,25.6,0.772,0.24,2.8955421732796003
110700.0,2018-07-19 06:45:00,23.888888888888896,25.6,0.768,0.24,2.8826470461921203
111600.0,2018-07-19 07:00:00,23.8888888888889,25.6,0.78,0.244,2.9189878588932
112500.0,2018-07-19 07:15:00,23.888888888888903,25.6,0.788,0.244,2.9365721231034
113400.0,2018-07-19 07:30:00,23.8888888888889,25.6,0.792,0.244,2.94477811306816
114300.0,2018-07-19 07:45:00,23.8888888888889,25.6,0.792,0.244,2.94477811306816
115200.0,2018-07-19 08:00:00,23.888888888888903,25.6,0.796,0.248,2.96470694583972
116100.0,2018-07-19 08:15:00,23.8888888888889,26.000000000000004,0.836,0.256,3.09131364815316
117000.0,2018-07-19 08:30:00,23.8888888888889,26.4,0.88,0.268,3.2308154775540796
117900.0,2018-07-19 08:45:00,23.888888888888896,26.8,0.916,0.28,3.3468716213414
118800.0,2018-07-19 09:00:00,23.888888888888896,27.2,0.956,0.288,3.46878918653212
119700.0,2018-07-19 09:15:00,23.888888888888893,27.75,0.996,0.3,3.575467056074
120600.0,2018-07-19 09:30:00,23.888888888888896,28.3,1.036,0.308,3.68331720989656
121500.0,2018-07-19 09:45:00,23.888888888888907,28.85,1.084,0.316,3.80054563796456
122400.0,2018-07-19 10:00:00,23.888888888888893,29.4,1.144,0.332,3.9693545743824803
123300.0,2018-07-19 10:15:00,23.8888888888889,29.825,1.232,0.356,4.251875086026359
124200.0,2018-07-19 10:30:00,23.888888888888893,30.25,1.328,0.38,4.55549671472248
125100.0,2018-07-19 10:45:00,23.888888888888896,30.675000000000004,1.396,0.396,4.76299103240284
126000.0,2018-07-19 11:00:00,23.888888888888896,31.1,1.448,0.408,4.90249286180376
126900.0,2018-07-19 11:15:00,23.8888888888889,31.65,1.512,0.42,5.06661266109896
127800.0,2018-07-19 11:30:00,23.8888888888889,32.2,1.576,0.436,5.2342493132362
128700.0,2018-07-19 11:45:00,23.8888888888889,32.75,1.644,0.448,5.39485225968936
129600.0,2018-07-19 12:00:00,23.8888888888889,33.3,1.696,0.46,5.50153012923124
130500.0,2018-07-19 12:15:00,23.888888888888903,33.875,1.804,0.484,5.78170607231376
131400.0,2018-07-19 12:30:00,23.888888888888903,34.45,1.892,0.5,5.98802810571344
132300.0,2018-07-19 12:45:00,23.888888888888903,35.025000000000006,1.956,0.512,6.118151660868921
133200.0,2018-07-19 13:00:00,23.888888888888903,35.6,2.04,0.528,6.30220029293568
134100.0,2018-07-19 13:15:00,23.8888888888889,36.0,2.1,0.54,6.4405298380559195
135000.0,2018-07-19 13:30:00,23.8888888888889,36.400000000000006,2.168,0.552,6.594099078825
135900.0,2018-07-19 13:45:00,23.888888888888896,36.8,2.252,0.568,6.7898705536985595
136800.0,2018-07-19 14:00:00,23.8888888888889,37.2,2.32,0.584,6.94812893159036
137700.0,2018-07-19 14:15:00,23.888888888888903,37.475,2.388,0.596,7.10755959376284
138600.0,2018-07-19 14:30:00,23.8888888888889,37.75,2.448,0.608,7.24940599172512
139500.0,2018-07-19 14:45:00,23.888888888888903,38.025,2.512,0.624,7.39828609537148
140400.0,2018-07-19 15:00:00,23.888888888888896,38.3,2.572,0.636,7.549510767579201
141300.0,2018-07-19 15:15:00,23.8888888888889,38.575,2.672,0.656,7.795690466522
142200.0,2018-07-19 15:30:00,23.8888888888889,38.85,2.752,0.672,8.0125630584478
143100.0,2018-07-19 15:45:00,23.8888888888889,39.125,2.84,0.692,8.23764164033836
144000.0,2018-07-19 16:00:00,23.888888888888903,39.4,2.924,0.708,8.45334194798348
144900.0,2018-07-19 16:15:00,23.8888888888889,39.125,2.932,0.716,8.56236438608672
145800.0,2018-07-19 16:30:00,23.888888888888903,38.85,2.94,0.724,8.65497484426044
146700.0,2018-07-19 16:45:00,23.888888888888903,38.575,2.92,0.724,8.68310966699676
147600.0,2018-07-19 17:00:00,23.888888888888893,38.3,2.832,0.704,8.49202732924592
148500.0,2018-07-19 17:15:00,23.888888888888896,38.45,2.764,0.684,8.23764164033836
149400.0,2018-07-19 17:30:00,23.888888888888896,38.6,2.724,0.668,8.07938326244656
150300.0,2018-07-19 17:45:00,23.8888888888889,38.75,2.708,0.664,8.00787392132508
151200.0,2018-07-19 18:00:00,23.8888888888889,38.9,2.704,0.66,7.97270539290468
152100.0,2018-07-19 18:15:00,23.888888888888903,38.475,2.628,0.648,7.84140955346852
153000.0,2018-07-19 18:30:00,23.8888888888889,38.05,2.54,0.632,7.6608777742438
153900.0,2018-07-19 18:45:00,23.888888888888896,37.625,2.452,0.612,7.4791737107384
154800.0,2018-07-19 19:00:00,23.8888888888889,37.2,2.388,0.6,7.35139472414428
155700.0,2018-07-19 19:15:00,23.8888888888889,36.8,2.316,0.588,7.20603147333996
156600.0,2018-07-19 19:30:00,23.888888888888903,36.400000000000006,2.224,0.568,6.97978060716872
157500.0,2018-07-19 19:45:00,23.888888888888903,36.0,2.112,0.544,6.673814409911239
158400.0,2018-07-19 20:00:00,23.888888888888903,35.6,2.008,0.52,6.39715531967076
159300.0,2018-07-19 20:15:00,23.888888888888896,35.175000000000004,1.896,0.496,6.09236140669396
160200.0,2018-07-19 20:30:00,23.888888888888896,34.75,1.78,0.468,5.7641218081035595
161100.0,2018-07-19 20:45:00,23.888888888888896,34.325,1.672,0.44,5.451121905162
162000.0,2018-07-19 21:00:00,23.888888888888903,33.9,1.624,0.432,5.33037662425196
162900.0,2018-07-19 21:15:00,23.8888888888889,33.625,1.548,0.416,5.107642610922761
163800.0,2018-07-19 21:30:00,23.888888888888903,33.349999999999994,1.5,0.404,4.9646239286798
164700.0,2018-07-19 21:45:00,23.888888888888896,33.075,1.48,0.4,4.936489105943481
165600.0,2018-07-19 22:00:00,23.888888888888893,32.8,1.448,0.396,4.86029062769928
166500.0,2018-07-19 22:15:00,23.8888888888889,32.525,1.412,0.388,4.76650788524488
167400.0,2018-07-19 22:30:00,23.8888888888889,32.25,1.428,0.392,4.8591183434186
168300.0,2018-07-19 22:45:00,23.8888888888889,31.975,1.38,0.384,4.73837306250856
169200.0,2018-07-19 23:00:00,23.8888888888889,31.7,1.48,0.412,5.1146763166068405
170100.0,2018-07-19 23:15:00,23.888888888888903,31.275,1.496,0.42,5.2295601761134805
171000.0,2018-07-19 23:30:00,23.8888888888889,30.85,1.448,0.412,5.105298042361401
171900.0,2018-07-19 23:45:00,23.888888888888896,30.425,1.396,0.4,4.94469509590824
172800.0,2018-07-20 00:00:00,23.8888888888889,30.0,1.328,0.384,4.72665021970176
173700.0,2018-07-20 00:15:00,23.8888888888889,29.725,1.184,0.344,4.20615599907984
174600.0,2018-07-20 00:30:00,23.8888888888889,29.45,1.14,0.332,4.0502421897494
175500.0,2018-07-20 00:45:00,23.888888888888896,29.175,1.112,0.324,3.9599763001370403
176400.0,2018-07-20 01:00:00,23.888888888888896,28.9,1.084,0.32,3.88143325333148
177300.0,2018-07-20 01:15:00,23.8888888888889,28.625,1.056,0.312,3.7853059423157203
178200.0,2018-07-20 01:30:00,23.8888888888889,28.35,1.028,0.304,3.6997291898260802
179100.0,2018-07-20 01:45:00,23.888888888888896,28.075000000000003,1.0,0.296,3.6200138587398403
180000.0,2018-07-20 02:00:00,23.888888888888896,27.8,0.976,0.292,3.546159949057
180900.0,2018-07-20 02:15:00,23.8888888888889,27.525,0.952,0.288,3.4828565979002803
181800.0,2018-07-20 02:30:00,23.8888888888889,27.25,0.936,0.284,3.428931520989
182700.0,2018-07-20 02:45:00,23.888888888888896,26.975,0.916,0.28,3.37969558120044
183600.0,2018-07-20 03:00:00,23.888888888888893,26.7,0.9,0.276,3.33280420997324
184500.0,2018-07-20 03:15:00,23.888888888888903,26.55,0.884,0.268,3.27887913306196
185400.0,2018-07-20 03:30:00,23.888888888888896,26.4,0.868,0.264,3.22847090899272
186300.0,2018-07-20 03:45:00,23.8888888888889,26.250000000000004,0.852,0.264,3.18157953776552
187200.0,2018-07-20 04:00:00,23.8888888888889,26.1,0.84,0.26,3.13820501938036
188100.0,2018-07-20 04:15:00,23.8888888888889,25.975,0.832,0.256,3.11124248092472
189000.0,2018-07-20 04:30:00,23.8888888888889,25.85,0.82,0.252,3.0831076581884
189900.0,2018-07-20 04:45:00,23.8888888888889,25.725,0.812,0.252,3.0549728354520798
190800.0,2018-07-20 05:00:00,23.888888888888903,25.6,0.788,0.244,2.9776020729272
191700.0,2018-07-20 05:15:00,23.888888888888903,25.450000000000003,0.8,0.248,3.0373885712418804
192600.0,2018-07-20 05:30:00,23.888888888888896,25.3,0.792,0.248,3.01394288562828
193500.0,2018-07-20 05:45:00,23.888888888888903,25.15,0.776,0.244,2.9541563873136
194400.0,2018-07-20 06:00:00,23.8888888888889,25.0,0.76,0.24,2.88733618331484
195300.0,2018-07-20 06:15:00,23.8888888888889,25.0,0.776,0.244,2.93891669166476
196200.0,2018-07-20 06:30:00,23.888888888888903,25.0,0.768,0.24,2.91078186892844
197100.0,2018-07-20 06:45:00,23.888888888888907,25.0,0.888,0.28,3.37148959123568
198000.0,2018-07-20 07:00:00,23.8888888888889,25.0,1.004,0.316,3.8110961964906798
198900.0,2018-07-20 07:15:00,23.888888888888896,25.15,1.048,0.332,3.95177031017228
199800.0,2018-07-20 07:30:00,23.888888888888896,25.3,0.904,0.284,3.370317306955
200700.0,2018-07-20 07:45:00,23.888888888888896,25.450000000000003,0.88,0.276,3.2765345645006
201600.0,2018-07-20 08:00:00,23.888888888888896,25.6,0.88,0.276,3.2695008588165204
202500.0,2018-07-20 08:15:00,23.888888888888903,26.000000000000004,0.884,0.272,3.2601225845710804
203400.0,2018-07-20 08:30:00,23.8888888888889,26.4,0.932,0.284,3.4160363939015204
204300.0,2018-07-20 08:45:00,23.888888888888893,26.8,0.956,0.292,3.487545735023
205200.0,2018-07-20 09:00:00,23.8888888888889,27.2,0.988,0.3,3.57898390891604
206100.0,2018-07-20 09:15:00,23.8888888888889,27.75,1.036,0.312,3.722002591159
207000.0,2018-07-20 09:30:00,23.888888888888903,28.3,1.068,0.316,3.79585650084184
207900.0,2018-07-20 09:45:00,23.8888888888889,28.85,1.104,0.324,3.8931560961382803
208800.0,2018-07-20 10:00:00,23.888888888888903,29.4,1.152,0.336,4.01390137704832
209700.0,2018-07-20 10:15:00,23.888888888888896,30.1,1.248,0.36,4.29173275156948
210600.0,2018-07-20 10:30:00,23.888888888888896,30.8,1.384,0.392,4.69617082840408
211500.0,2018-07-20 10:45:00,23.888888888888896,31.5,1.656,0.464,5.55545520614252
212400.0,2018-07-20 11:00:00,23.8888888888889,32.2,1.852,0.516,6.16269846353476
213300.0,2018-07-20 11:15:00,23.888888888888896,32.625,1.98,0.548,6.56596425608868
214200.0,2018-07-20 11:30:00,23.8888888888889,33.05,2.08,0.572,6.84379563060984
215100.0,2018-07-20 11:45:00,23.8888888888889,33.474999999999994,1.86,0.504,6.09705054381668
216000.0,2018-07-20 12:00:00,23.888888888888903,33.9,1.82,0.488,5.8555599819966
216900.0,2018-07-20 12:15:00,23.8888888888889,34.45,1.888,0.5,5.9962340956782
217800.0,2018-07-20 12:30:00,23.888888888888896,35.0,1.988,0.52,6.249447500305081
218700.0,2018-07-20 12:45:00,23.888888888888896,35.550000000000004,2.072,0.536,6.4534249651434
219600.0,2018-07-20 13:00:00,23.8888888888889,36.1,2.152,0.552,6.63981816577152
220500.0,2018-07-20 13:15:00,23.888888888888903,36.375,2.216,0.564,6.813316239312161
221400.0,2018-07-20 13:30:00,23.888888888888903,36.650000000000006,2.308,0.588,7.07004649678108
222300.0,2018-07-20 13:45:00,23.888888888888903,36.925,2.36,0.596,7.21072061046268
223200.0,2018-07-20 14:00:00,23.8888888888889,37.2,2.412,0.608,7.33615502849544
224100.0,2018-07-20 14:15:00,23.888888888888903,37.475,2.456,0.616,7.4381437609146
225000.0,2018-07-20 14:30:00,23.8888888888889,37.75,2.524,0.628,7.59757442308708
225900.0,2018-07-20 14:45:00,23.888888888888896,38.025,2.58,0.64,7.7452822424527605
226800.0,2018-07-20 15:00:00,23.8888888888889,38.3,2.64,0.652,7.88712864041504
227700.0,2018-07-20 15:15:00,23.888888888888896,38.45,2.688,0.664,8.02545818553528
228600.0,2018-07-20 15:30:00,23.8888888888889,38.6,2.74,0.676,8.176682857743
229500.0,2018-07-20 15:45:00,23.8888888888889,38.75,2.992,0.736,8.89529312179984
230400.0,2018-07-20 16:00:00,23.8888888888889,38.9,2.968,0.728,8.88474256327372
231300.0,2018-07-20 16:15:00,23.888888888888896,39.025,2.956,0.724,8.787442967977281
232200.0,2018-07-20 16:30:00,23.8888888888889,39.15,2.976,0.728,8.817922359274961
233100.0,2018-07-20 16:45:00,23.8888888888889,39.275,2.988,0.728,8.83198977064312
234000.0,2018-07-20 17:00:00,23.8888888888889,39.4,2.956,0.72,8.71827819541716
234900.0,2018-07-20 17:15:00,23.8888888888889,39.125,2.836,0.692,8.41465656672104
235800.0,2018-07-20 17:30:00,23.8888888888889,38.85,2.748,0.672,8.18137199486572
236700.0,2018-07-20 17:45:00,23.888888888888896,38.575,2.672,0.656,8.000840215641
237600.0,2018-07-20 18:00:00,23.888888888888896,38.3,2.628,0.648,7.91057432602864
238500.0,2018-07-20 18:15:00,23.888888888888903,38.025,2.504,0.62,7.60109127592912
239400.0,2018-07-20 18:30:00,23.888888888888903,37.75,2.424,0.604,7.38070183116128
240300.0,2018-07-20 18:45:00,23.8888888888889,37.475,2.436,0.612,7.46041716224752
241200.0,2018-07-20 19:00:00,23.888888888888896,37.2,2.316,0.584,7.159140102112761
242100.0,2018-07-20 19:15:00,23.8888888888889,36.8,2.232,0.564,6.94109522590628
243000.0,2018-07-20 19:30:00,23.888888888888903,36.400000000000006,2.176,0.556,6.8226945135576
243900.0,2018-07-20 19:45:00,23.8888888888889,36.0,2.072,0.532,6.564791971808
244800.0,2018-07-20 20:00:00,23.8888888888889,35.6,2.016,0.524,6.426462426687761
245700.0,2018-07-20 20:15:00,23.8888888888889,35.025000000000006,1.916,0.504,6.193177854832441
246600.0,2018-07-20 20:30:00,23.888888888888896,34.45,1.792,0.476,5.85907683483864
247500.0,2018-07-20 20:45:00,23.888888888888903,33.875,1.7,0.456,5.609380283053801
248400.0,2018-07-20 21:00:00,23.888888888888903,33.3,1.616,0.436,5.40188596537344
249300.0,2018-07-20 21:15:00,23.888888888888896,33.3,1.62,0.44,5.4007136810927605
250200.0,2018-07-20 21:30:00,23.8888888888889,33.3,1.564,0.424,5.202597637657839
251100.0,2018-07-20 21:45:00,23.888888888888896,33.3,1.548,0.42,5.145155707904521
252000.0,2018-07-20 22:00:00,23.8888888888889,33.3,1.544,0.416,5.128743727975
252900.0,2018-07-20 22:15:00,23.8888888888889,32.9,1.488,0.404,4.99627560425816
253800.0,2018-07-20 22:30:00,23.888888888888903,32.5,1.436,0.396,4.864979764822
254700.0,2018-07-20 22:45:00,23.888888888888903,32.099999999999994,1.372,0.38,4.67506971135184
255600.0,2018-07-20 23:00:00,23.888888888888903,31.7,1.308,0.364,4.50391620637256
256500.0,2018-07-20 23:15:00,23.888888888888896,31.275,1.252,0.352,4.33862412279668
257400.0,2018-07-20 23:30:00,23.8888888888889,30.85,1.232,0.348,4.30697244721832
258300.0,2018-07-20 23:45:00,23.8888888888889,30.425,1.192,0.34,4.21318970476392
259200.0,2018-07-21 00:00:00,23.8888888888889,30.0,1.156,0.332,4.1088564037834
260100.0,2018-07-21 00:15:00,23.8888888888889,29.575,1.112,0.32,3.98342198575064
261000.0,2018-07-21 00:30:00,23.888888888888896,29.15,1.08,0.316,3.90839579178712
261900.0,2018-07-21 00:45:00,23.888888888888903,28.725,1.048,0.308,3.8216467550167996
262800.0,2018-07-21 01:00:00,23.888888888888903,28.3,1.016,0.3,3.73607000252716
263700.0,2018-07-21 01:15:00,23.8888888888889,28.025,0.992,0.296,3.6669052299670404
264600.0,2018-07-21 01:30:00,23.8888888888889,27.75,0.972,0.292,3.604774163091
265500.0,2018-07-21 01:45:00,23.888888888888896,27.475,0.948,0.288,3.546159949057
266400.0,2018-07-21 02:00:00,23.8888888888889,27.2,0.928,0.28,3.48871801930368
267300.0,2018-07-21 02:15:00,23.888888888888903,26.925,0.908,0.276,3.42775923670832
268200.0,2018-07-21 02:30:00,23.888888888888903,26.65,0.888,0.272,3.3679727383936404
269100.0,2018-07-21 02:45:00,23.888888888888896,26.375000000000004,0.868,0.268,3.31053080864032
270000.0,2018-07-21 03:00:00,23.888888888888896,26.1,0.852,0.264,3.25426116316768
270900.0,2018-07-21 03:15:00,23.8888888888889,25.975,0.836,0.26,3.2108866447825197
271800.0,2018-07-21 03:30:00,23.8888888888889,25.85,0.824,0.256,3.17220126352008
272700.0,2018-07-21 03:45:00,23.888888888888896,25.725,0.816,0.252,3.135860450819
273600.0,2018-07-21 04:00:00,23.888888888888903,25.6,0.804,0.252,3.1006919223986
274500.0,2018-07-21 04:15:00,23.8888888888889,25.450000000000003,0.792,0.248,3.0655233939782
275400.0,2018-07-21 04:30:00,23.888888888888903,25.3,0.78,0.244,3.03269943411916
276300.0,2018-07-21 04:45:00,23.8888888888889,25.15,0.908,0.284,3.53912624337292
277200.0,2018-07-21 05:00:00,23.888888888888896,25.0,0.976,0.308,3.8310250292622396
278100.0,2018-07-21 05:15:00,23.8888888888889,24.85,1.0,0.316,3.93418604596208
279000.0,2018-07-21 05:30:00,23.888888888888903,24.7,0.828,0.264,3.2612948688517602
279900.0,2018-07-21 05:45:00,23.888888888888903,24.55,0.776,0.248,3.0573174040134403
280800.0,2018-07-21 06:00:00,23.888888888888903,24.4,0.756,0.24,2.9834634943306
281700.0,2018-07-21 06:15:00,23.8888888888889,24.275,0.884,0.284,3.49809629354912
282600.0,2018-07-21 06:30:00,23.8888888888889,24.15,0.952,0.308,3.780616805193
283500.0,2018-07-21 06:45:00,23.8888888888889,24.025,0.968,0.312,3.8321973135429204
284400.0,2018-07-21 07:00:00,23.888888888888896,23.9,0.984,0.316,3.90018980182236
285300.0,2018-07-21 07:15:00,23.8888888888889,24.125,0.84,0.268,3.29529111299148
286200.0,2018-07-21 07:30:00,23.888888888888903,24.35,0.824,0.264,3.21440349762456
287100.0,2018-07-21 07:45:00,23.888888888888903,24.575000000000003,0.968,0.308,3.7747553837896004
288000.0,2018-07-21 08:00:00,23.888888888888896,24.8,1.06,0.336,4.13347437367768
288900.0,2018-07-21 08:15:00,23.8888888888889,25.137500000000003,0.944,0.296,3.65049325003752
289800.0,2018-07-21 08:30:00,23.888888888888896,25.475,0.908,0.284,3.47816746077756
290700.0,2018-07-21 08:45:00,23.8888888888889,25.8125,0.936,0.292,3.5696056346705998
291600.0,2018-07-21 09:00:00,23.8888888888889,26.15,0.952,0.296,3.6282198487046005
292500.0,2018-07-21 09:15:00,23.888888888888903,26.6875,0.992,0.304,3.73255314968512
293400.0,2018-07-21 09:30:00,23.8888888888889,27.225,0.992,0.3,3.70090147410676
294300.0,2018-07-21 09:45:00,23.8888888888889,27.762500000000003,1.012,0.304,3.73255314968512
295200.0,2018-07-21 10:00:00,23.8888888888889,28.3,1.056,0.312,3.8591598519985597
296100.0,2018-07-21 10:15:00,23.888888888888903,28.875,1.12,0.328,4.05141447403008
297000.0,2018-07-21 10:30:00,23.888888888888903,29.450000000000003,1.236,0.36,4.43475143381244
297900.0,2018-07-21 10:45:00,23.888888888888903,30.025,1.356,0.392,4.818088393594801
298800.0,2018-07-21 11:00:00,23.888888888888903,30.6,1.432,0.408,5.02675499555584
299700.0,2018-07-21 11:15:00,23.8888888888889,31.000000000000004,1.6,0.456,5.57303947035272
300600.0,2018-07-21 11:30:00,23.888888888888903,31.4,1.704,0.48,5.9165187645919595
301500.0,2018-07-21 11:45:00,23.8888888888889,31.800000000000004,1.78,0.5,6.1216685137109605
302400.0,2018-07-21 12:00:00,23.888888888888903,32.2,1.828,0.508,6.22248496184944
303300.0,2018-07-21 12:15:00,23.8888888888889,33.050000000000004,1.928,0.528,6.4065335939162
304200.0,2018-07-21 12:30:00,23.888888888888903,33.900000000000006,2.088,0.564,6.79690425938264
305100.0,2018-07-21 12:45:00,23.888888888888903,34.75,2.232,0.592,7.13217756365712
306000.0,2018-07-21 13:00:00,23.888888888888903,35.6,2.38,0.62,7.46393401508956
306900.0,2018-07-21 13:15:00,23.888888888888907,36.0,2.48,0.644,7.71714741971644
307800.0,2018-07-21 13:30:00,23.888888888888903,36.400000000000006,2.396,0.616,7.3994583796521605
308700.0,2018-07-21 13:45:00,23.8888888888889,36.8,2.348,0.596,7.14976182786732
309600.0,2018-07-21 14:00:00,23.888888888888903,37.2,2.388,0.6,7.197825483375199
310500.0,2018-07-21 14:15:00,23.8888888888889,37.75,2.468,0.616,7.372495841196519
311400.0,2018-07-21 14:30:00,23.8888888888889,38.3,2.592,0.64,7.6667391956472
312300.0,2018-07-21 14:45:00,23.888888888888896,38.85,2.704,0.66,7.93753686448428
313200.0,2018-07-21 15:00:00,23.888888888888896,39.4,2.82,0.684,8.2001285433566
314100.0,2018-07-21 15:15:00,23.888888888888903,39.125,2.828,0.688,8.31384011858256
315000.0,2018-07-21 15:30:00,23.888888888888893,38.85,2.824,0.692,8.366592911213159
315900.0,2018-07-21 15:45:00,23.888888888888896,38.575,3.008,0.744,8.9621133257986
316800.0,2018-07-21 16:00:00,23.8888888888889,38.3,3.108,0.776,9.40523678389564
317700.0,2018-07-21 16:15:00,23.8888888888889,38.45,2.992,0.744,9.04651779400756
318600.0,2018-07-21 16:30:00,23.888888888888903,38.6,2.964,0.732,8.87770885758964
319500.0,2018-07-21 16:45:00,23.8888888888889,38.75,2.96,0.728,8.8331620549238
320400.0,2018-07-21 17:00:00,23.8888888888889,38.9,2.916,0.716,8.68193738271608
321300.0,2018-07-21 17:15:00,23.888888888888903,38.9,2.828,0.692,8.42520712524716
322200.0,2018-07-21 17:30:00,23.888888888888903,38.9,2.772,0.68,8.23881392461904
323100.0,2018-07-21 17:45:00,23.8888888888889,38.9,2.944,0.724,8.739379312469401
324000.0,2018-07-21 18:00:00,23.888888888888903,38.9,3.048,0.752,9.10044287091884
324900.0,2018-07-21 18:15:00,23.888888888888903,38.475,2.972,0.736,8.98673129569288
325800.0,2018-07-21 18:30:00,23.888888888888907,38.05,2.644,0.656,8.06297128251704
326700.0,2018-07-21 18:45:00,23.888888888888907,37.625,2.436,0.608,7.44283289803732
327600.0,2018-07-21 19:00:00,23.888888888888903,37.2,2.352,0.592,7.24120000176036
328500.0,2018-07-21 19:15:00,23.8888888888889,36.650000000000006,2.252,0.572,7.02667197839592
329400.0,2018-07-21 19:30:00,23.8888888888889,36.1,2.144,0.552,6.7675971523656395
330300.0,2018-07-21 19:45:00,23.888888888888903,35.55,2.088,0.544,6.657402429981721
331200.0,2018-07-21 20:00:00,23.8888888888889,35.0,1.996,0.524,6.45576953370476
332100.0,2018-07-21 20:15:00,23.8888888888889,34.575,1.908,0.504,6.213106687604
333000.0,2018-07-21 20:30:00,23.888888888888907,34.15,1.804,0.48,5.92706932311808
333900.0,2018-07-21 20:45:00,23.8888888888889,33.724999999999994,1.72,0.46,5.6902678984207204
334800.0,2018-07-21 21:00:00,23.888888888888907,33.3,1.644,0.444,5.48277358074036
335700.0,2018-07-21 21:15:00,23.888888888888903,33.175,1.612,0.436,5.37257885835644
336600.0,2018-07-21 21:30:00,23.888888888888903,33.05,1.584,0.428,5.279968400182719
337500.0,2018-07-21 21:45:00,23.8888888888889,32.925,1.532,0.416,5.12053773801024
338400.0,2018-07-21 22:00:00,23.8888888888889,32.8,1.504,0.408,5.03613326980128
339300.0,2018-07-21 22:15:00,23.8888888888889,32.525,1.46,0.4,4.92007712601396
340200.0,2018-07-21 22:30:00,23.888888888888903,32.25,1.412,0.388,4.79112585513916
341100.0,2018-07-21 22:45:00,23.888888888888896,31.975,1.372,0.38,4.68444798559728
342000.0,2018-07-21 23:00:00,23.888888888888903,31.7,1.352,0.376,4.6387288986507595
342900.0,2018-07-21 23:15:00,23.8888888888889,31.275,1.284,0.36,4.4429574237772
343800.0,2018-07-21 23:30:00,23.8888888888889,30.85,1.264,0.356,4.41130574819884
344700.0,2018-07-21 23:45:00,23.888888888888896,30.425,1.236,0.352,4.36324209269096
345600.0,2018-07-22 00:00:00,23.8888888888889,30.0,1.208,0.348,4.2905604672888
346500.0,2018-07-22 00:15:00,23.8888888888889,29.725,1.176,0.34,4.19443315627304
347400.0,2018-07-22 00:30:00,23.888888888888907,29.45,1.14,0.332,4.08072158104708
348300.0,2018-07-22 00:45:00,23.8888888888889,29.175,1.12,0.328,4.02562421985512
349200.0,2018-07-22 01:00:00,23.888888888888903,28.9,1.084,0.32,3.90722350750644
350100.0,2018-07-22 01:15:00,23.8888888888889,28.625,1.06,0.312,3.82399132357816
351000.0,2018-07-22 01:30:00,23.8888888888889,28.35,1.032,0.308,3.75013741389532
351900.0,2018-07-22 01:45:00,23.8888888888889,28.075000000000003,1.008,0.3,3.67276665137044
352800.0,2018-07-22 02:00:00,23.8888888888889,27.8,0.984,0.296,3.6000850259682804
353700.0,2018-07-22 02:15:00,23.888888888888893,27.525,0.964,0.292,3.54498766477632
354600.0,2018-07-22 02:30:00,23.8888888888889,27.25,0.948,0.288,3.4957517249877603
355500.0,2018-07-22 02:45:00,23.888888888888896,26.975,0.928,0.284,3.44886035376056
356400.0,2018-07-22 03:00:00,23.888888888888896,26.7,0.912,0.28,3.40431355109472
357300.0,2018-07-22 03:15:00,23.888888888888903,26.55,0.896,0.276,3.35390532702548
358200.0,2018-07-22 03:30:00,23.888888888888903,26.4,0.884,0.272,3.30466938723692
359100.0,2018-07-22 03:45:00,23.888888888888903,26.250000000000004,0.868,0.268,3.2589503002903997
360000.0,2018-07-22 04:00:00,23.8888888888889,26.1,0.856,0.264,3.21557578190524
360900.0,2018-07-22 04:15:00,23.8888888888889,25.975,0.836,0.26,3.14875557790648
361800.0,2018-07-22 04:30:00,23.888888888888896,25.85,0.832,0.256,3.1299990294156
362700.0,2018-07-22 04:45:00,23.8888888888889,25.725,0.82,0.256,3.09717506955656
363600.0,2018-07-22 05:00:00,23.8888888888889,25.6,0.808,0.252,3.06435110969752
364500.0,2018-07-22 05:15:00,23.8888888888889,25.450000000000003,0.812,0.252,3.0889690795918
365400.0,2018-07-22 05:30:00,23.8888888888889,25.3,0.804,0.252,3.05848968829412
366300.0,2018-07-22 05:45:00,23.8888888888889,25.15,0.792,0.248,3.02332115987372
367200.0,2018-07-22 06:00:00,23.888888888888893,25.0,0.78,0.244,2.98698034717264
368100.0,2018-07-22 06:15:00,23.888888888888903,24.85,0.772,0.244,2.9529841030329202
369000.0,2018-07-22 06:30:00,23.888888888888903,24.7,0.764,0.24,2.91781557461252
369900.0,2018-07-22 06:45:00,23.888888888888896,24.55,0.752,0.24,2.8826470461921203
370800.0,2018-07-22 07:00:00,23.888888888888896,24.4,0.756,0.24,2.8920253204375603
371700.0,2018-07-22 07:15:00,23.888888888888907,24.7,0.9,0.284,3.43830979523444
372600.0,2018-07-22 07:30:00,23.888888888888903,25.0,0.996,0.316,3.78882279515776
373500.0,2018-07-22 07:45:00,23.888888888888903,25.300000000000004,0.904,0.284,3.39024613972656
374400.0,2018-07-22 08:00:00,23.8888888888889,25.6,0.88,0.272,3.28591283874604
375300.0,2018-07-22 08:15:00,23.888888888888896,26.15,0.904,0.28,3.34569933706072
376200.0,2018-07-22 08:30:00,23.8888888888889,26.700000000000003,0.916,0.28,3.35156075846412
377100.0,2018-07-22 08:45:00,23.8888888888889,27.25,0.948,0.284,3.43830979523444
378000.0,2018-07-22 09:00:00,23.8888888888889,27.8,0.988,0.296,3.56139964470584
378900.0,2018-07-22 09:15:00,23.8888888888889,28.35,1.036,0.308,3.70090147410676
379800.0,2018-07-22 09:30:00,23.888888888888903,28.9,1.088,0.32,3.85798756771788
380700.0,2018-07-22 09:45:00,23.8888888888889,29.45,1.12,0.324,3.9330137616814
381600.0,2018-07-22 10:00:00,23.888888888888896,30.0,1.176,0.336,4.08306614960844
382500.0,2018-07-22 10:15:00,23.888888888888896,30.825,1.284,0.364,4.3714480826557205
383400.0,2018-07-22 10:30:00,23.8888888888889,31.65,1.424,0.396,4.77471387520964
384300.0,2018-07-22 10:45:00,23.8888888888889,32.474999999999994,1.564,0.428,5.15687855071132
385200.0,2018-07-22 11:00:00,23.888888888888907,33.3,1.672,0.452,5.4300207881097595
386100.0,2018-07-22 11:15:00,23.888888888888896,33.875,1.76,0.472,5.65158251715828
387000.0,2018-07-22 11:30:00,23.888888888888896,34.45,1.852,0.488,5.88838394185564
387900.0,2018-07-22 11:45:00,23.888888888888903,35.025000000000006,1.916,0.5,6.03257490837928
388800.0,2018-07-22 12:00:00,23.8888888888889,35.6,1.988,0.516,6.18848871770972
389700.0,2018-07-22 12:15:00,23.888888888888896,36.0,2.052,0.528,6.33854110563676
390600.0,2018-07-22 12:30:00,23.888888888888893,36.400000000000006,2.084,0.532,6.39715531967076
391500.0,2018-07-22 12:45:00,23.8888888888889,36.8,2.164,0.548,6.59058222598296
392400.0,2018-07-22 13:00:00,23.8888888888889,37.2,2.244,0.564,6.794559690821281
393300.0,2018-07-22 13:15:00,23.888888888888896,37.475,2.316,0.58,6.98212517573008
394200.0,2018-07-22 13:30:00,23.888888888888893,37.75,2.376,0.592,7.1392112693411995
395100.0,2018-07-22 13:45:00,23.888888888888893,38.025,2.432,0.6,7.2857468044262
396000.0,2018-07-22 14:00:00,23.888888888888896,38.3,2.52,0.62,7.52137594484288
396900.0,2018-07-22 14:15:00,23.888888888888896,38.575,2.576,0.632,7.6843234598574
397800.0,2018-07-22 14:30:00,23.8888888888889,38.85,2.656,0.648,7.88478407185368
398700.0,2018-07-22 14:45:00,23.888888888888903,39.125,2.704,0.656,8.00787392132508
399600.0,2018-07-22 15:00:00,23.8888888888889,39.4,2.716,0.656,8.000840215641
400500.0,2018-07-22 15:15:00,23.8888888888889,39.7,2.804,0.676,8.197783974795241
401400.0,2018-07-22 15:30:00,23.888888888888907,40.0,2.916,0.7,8.47327078075504
402300.0,2018-07-22 15:45:00,23.888888888888903,40.3,3.016,0.72,8.71710591113648
403200.0,2018-07-22 16:00:00,23.888888888888907,40.6,3.116,0.74,8.94570134586908
404100.0,2018-07-22 16:15:00,23.888888888888903,40.6,3.152,0.748,9.0734803324632
405000.0,2018-07-22 16:30:00,23.888888888888896,40.6,3.176,0.756,9.15202337926876
405900.0,2018-07-22 16:45:00,23.888888888888896,40.6,3.176,0.756,9.15788480067216
406800.0,2018-07-22 17:00:00,23.888888888888896,40.6,3.136,0.744,9.05824063681436
407700.0,2018-07-22 17:15:00,23.8888888888889,40.175,3.0,0.716,8.76516956664436
408600.0,2018-07-22 17:30:00,23.888888888888896,39.75,2.876,0.692,8.47795991787776
409500.0,2018-07-22 17:45:00,23.888888888888896,39.325,2.768,0.672,8.2411584931804
410400.0,2018-07-22 18:00:00,23.888888888888893,38.9,2.672,0.652,8.04069788118412
411300.0,2018-07-22 18:15:00,23.888888888888893,38.35,2.6,0.64,7.9246417373968
412200.0,2018-07-22 18:30:00,23.8888888888889,37.8,2.496,0.624,7.724181125400521
413100.0,2018-07-22 18:45:00,23.888888888888896,37.25,2.392,0.604,7.493241122106561
414000.0,2018-07-22 19:00:00,23.888888888888896,36.7,2.284,0.58,7.237683148918321
414900.0,2018-07-22 19:15:00,23.8888888888889,36.425,2.208,0.564,7.03018883123796
415800.0,2018-07-22 19:30:00,23.8888888888889,36.150000000000006,2.164,0.556,6.931716951660841
416700.0,2018-07-22 19:45:00,23.888888888888896,35.875,2.104,0.544,6.78518141657584
417600.0,2018-07-22 20:00:00,23.8888888888889,35.6,2.04,0.528,6.60816649019316
418500.0,2018-07-22 20:15:00,23.8888888888889,35.025000000000006,1.94,0.508,6.365503644092399
419400.0,2018-07-22 20:30:00,23.888888888888907,34.45,1.852,0.492,6.153320189289319
420300.0,2018-07-22 20:45:00,23.888888888888896,33.875,1.76,0.472,5.920035617433999
421200.0,2018-07-22 21:00:00,23.888888888888903,33.3,1.676,0.452,5.69847388838548
422100.0,2018-07-22 21:15:00,23.8888888888889,33.025,1.636,0.444,5.5824177445981595
423000.0,2018-07-22 21:30:00,23.888888888888896,32.75,1.596,0.436,5.4745675907756
423900.0,2018-07-22 21:45:00,23.8888888888889,32.475,1.552,0.428,5.3596837312689605
424800.0,2018-07-22 22:00:00,23.888888888888896,32.2,1.496,0.412,5.20025306909648
425700.0,2018-07-22 22:15:00,23.8888888888889,32.075,1.408,0.388,4.9001482932424
426600.0,2018-07-22 22:30:00,23.8888888888889,31.950000000000003,1.376,0.38,4.802848697945961
427500.0,2018-07-22 22:45:00,23.888888888888896,31.825,1.344,0.372,4.6949985441234
428400.0,2018-07-22 23:00:00,23.888888888888896,31.7,1.308,0.364,4.58714839030084
429300.0,2018-07-22 23:15:00,23.888888888888896,31.425,1.288,0.36,4.53908473479296
430200.0,2018-07-22 23:30:00,23.8888888888889,31.15,1.256,0.352,4.4605416879874005
431100.0,2018-07-22 23:45:00,23.8888888888889,30.875000000000004,1.224,0.348,4.37730950405912
432000.0,2018-07-23 00:00:00,23.8888888888889,30.6,1.196,0.34,4.29524960441152
432900.0,2018-07-23 00:15:00,23.888888888888903,30.175000000000004,1.16,0.332,4.20146686195712
433800.0,2018-07-23 00:30:00,23.888888888888896,29.75,1.124,0.324,4.10651183522204
434700.0,2018-07-23 00:45:00,23.8888888888889,29.325,1.088,0.316,4.015073661329
435600.0,2018-07-23 01:00:00,23.8888888888889,28.9,1.056,0.312,3.92480777171664
436500.0,2018-07-23 01:15:00,23.888888888888903,28.625,1.032,0.304,3.84392015634972
437400.0,2018-07-23 01:30:00,23.8888888888889,28.35,1.004,0.3,3.7688939623862
438300.0,2018-07-23 01:45:00,23.8888888888889,28.075000000000003,0.984,0.292,3.69738462126472
439200.0,2018-07-23 02:00:00,23.8888888888889,27.8,0.96,0.288,3.6293921329852803
440100.0,2018-07-23 02:15:00,23.888888888888896,27.65,0.944,0.284,3.58250076175808
441000.0,2018-07-23 02:30:00,23.8888888888889,27.5,0.932,0.28,3.54264309621496
441900.0,2018-07-23 02:45:00,23.8888888888889,27.35,0.924,0.28,3.50747456779456
442800.0,2018-07-23 03:00:00,23.8888888888889,27.2,0.912,0.276,3.4734783236548403
443700.0,2018-07-23 03:15:00,23.8888888888889,27.2,0.904,0.276,3.44768806947988
444600.0,2018-07-23 03:30:00,23.888888888888907,27.2,0.9,0.272,3.42658695242764
445500.0,2018-07-23 03:45:00,23.888888888888896,27.2,0.896,0.272,3.40783040393676
446400.0,2018-07-23 04:00:00,23.8888888888889,27.2,0.892,0.272,3.39024613972656
447300.0,2018-07-23 04:15:00,23.888888888888896,27.2,0.888,0.268,3.3691450226743203
448200.0,2018-07-23 04:30:00,23.8888888888889,27.2,0.884,0.268,3.35038847418344
449100.0,2018-07-23 04:45:00,23.888888888888896,27.2,0.868,0.264,3.282395985904
450000.0,2018-07-23 05:00:00,23.8888888888889,27.2,0.864,0.26,3.25777801600972
450900.0,2018-07-23 05:15:00,23.888888888888896,26.925,0.872,0.264,3.30466938723692
451800.0,2018-07-23 05:30:00,23.888888888888903,26.65,0.852,0.26,3.2589503002903997
452700.0,2018-07-23 05:45:00,23.888888888888903,26.375000000000004,0.836,0.256,3.2015083705370797
453600.0,2018-07-23 06:00:00,23.888888888888896,26.1,0.82,0.252,3.1464110093451203
454500.0,2018-07-23 06:15:00,23.888888888888903,25.975,0.808,0.252,3.10772562808268
455400.0,2018-07-23 06:30:00,23.888888888888896,25.85,0.8,0.248,3.07255709966228
456300.0,2018-07-23 06:45:00,23.888888888888896,25.725,0.8,0.248,3.06786796253956
457200.0,2018-07-23 07:00:00,23.8888888888889,25.6,0.796,0.248,3.05848968829412
458100.0,2018-07-23 07:15:00,23.888888888888903,25.875000000000004,0.804,0.248,3.0549728354520798
459000.0,2018-07-23 07:30:00,23.888888888888896,26.15,0.828,0.256,3.12882674513492
459900.0,2018-07-23 07:45:00,23.888888888888903,26.425,0.844,0.26,3.1651675578360003
460800.0,2018-07-23 08:00:00,23.888888888888903,26.7,0.852,0.26,3.1850963906075602
461700.0,2018-07-23 08:15:00,23.888888888888903,27.375,0.908,0.276,3.35507761130616
462600.0,2018-07-23 08:30:00,23.8888888888889,28.05,0.964,0.288,3.50981913635592
463500.0,2018-07-23 08:45:00,23.8888888888889,28.725,1.032,0.304,3.71145203263288
464400.0,2018-07-23 09:00:00,23.888888888888903,29.4,1.088,0.316,3.8603321362792404
465300.0,2018-07-23 09:15:00,23.888888888888903,30.1,1.124,0.324,3.93653061452344
466200.0,2018-07-23 09:30:00,23.888888888888907,30.8,1.192,0.336,4.10533955094136
467100.0,2018-07-23 09:45:00,23.888888888888896,31.5,1.28,0.356,4.35151924988416
468000.0,2018-07-23 10:00:00,23.8888888888889,32.2,1.368,0.376,4.5894929588622
468900.0,2018-07-23 10:15:00,23.888888888888896,33.175000000000004,1.508,0.408,4.94821194875028
469800.0,2018-07-23 10:30:00,23.8888888888889,34.150000000000006,1.684,0.448,5.4229870824256805
470700.0,2018-07-23 10:45:00,23.888888888888907,35.125,2.024,0.528,6.39129389826736
471600.0,2018-07-23 11:00:00,23.8888888888889,36.1,2.296,0.592,7.15796781783208
472500.0,2018-07-23 11:15:00,23.888888888888896,36.525000000000006,2.46,0.632,7.645638078594961
473400.0,2018-07-23 11:30:00,23.888888888888896,36.95,2.356,0.596,7.29043594154892
474300.0,2018-07-23 11:45:00,23.888888888888896,37.375,2.368,0.592,7.21189289474336
475200.0,2018-07-23 12:00:00,23.8888888888889,37.8,2.424,0.604,7.331465891372719
476100.0,2018-07-23 12:15:00,23.8888888888889,38.075,2.488,0.616,7.50144711207132
477000.0,2018-07-23 12:30:00,23.8888888888889,38.35,2.748,0.68,8.24233077746108
477900.0,2018-07-23 12:45:00,23.888888888888903,38.625,2.928,0.724,8.80619951646816
478800.0,2018-07-23 13:00:00,23.888888888888903,38.9,2.824,0.692,8.49085504496524
479700.0,2018-07-23 13:15:00,23.8888888888889,39.45,2.84,0.688,8.35955920552908
480600.0,2018-07-23 13:30:00,23.8888888888889,40.0,2.888,0.692,8.3994168710722
481500.0,2018-07-23 13:45:00,23.8888888888889,40.55,3.024,0.716,8.69366022552288
482400.0,2018-07-23 14:00:00,23.888888888888903,41.1,3.136,0.736,8.93046165022024
483300.0,2018-07-23 14:15:00,23.888888888888903,41.375,3.196,0.748,9.07699718530524
484200.0,2018-07-23 14:30:00,23.8888888888889,41.650000000000006,3.308,0.768,9.3372442956162
485100.0,2018-07-23 14:45:00,23.888888888888896,41.925,3.408,0.792,9.591629984523761
486000.0,2018-07-23 15:00:00,23.8888888888889,42.2,3.488,0.804,9.774506332309839
486900.0,2018-07-23 15:15:00,23.8888888888889,42.2,3.528,0.816,9.910491308868721
487800.0,2018-07-23 15:30:00,23.888888888888896,42.2,3.552,0.82,9.9878620713936
488700.0,2018-07-23 15:45:00,23.8888888888889,42.2,3.588,0.832,10.10040136233888
489600.0,2018-07-23 16:00:00,23.90896663972533,42.2,3.596,0.832,10.157843292092199
490500.0,2018-07-23 16:15:00,23.94434351412161,42.35,3.608,0.832,10.18246126198648
491400.0,2018-07-23 16:30:00,23.986987969334784,42.5,3.616,0.832,10.209423800442119
492300.0,2018-07-23 16:45:00,23.96337482447109,42.64999999999999,3.628,0.832,10.16604928205696
493200.0,2018-07-23 17:00:00,23.928333324336226,42.8,3.64,0.832,10.1168133422684
494100.0,2018-07-23 17:15:00,23.900027521049108,42.52499999999999,3.56,0.816,9.948004405850481
495000.0,2018-07-23 17:30:00,23.891990123171887,42.25,3.468,0.8,9.74285465673148
495900.0,2018-07-23 17:45:00,23.88973780656408,41.975,3.368,0.78,9.52129292768296
496800.0,2018-07-23 18:00:00,23.889117609886377,41.7,3.276,0.764,9.307937188599201
497700.0,2018-07-23 18:15:00,23.888949165402995,41.55,3.172,0.74,9.02189982411328
498600.0,2018-07-23 18:30:00,23.888904691198903,41.400000000000006,3.132,0.732,8.91639423885208
499500.0,2018-07-23 18:45:00,23.888892996083342,41.25,3.088,0.724,8.8097163693102
500400.0,2018-07-23 19:00:00,23.888889956179764,41.1,3.076,0.72,8.7862706836966
501300.0,2018-07-23 19:15:00,23.88888916103532,40.400000000000006,2.956,0.704,8.59987748306848
502200.0,2018-07-23 19:30:00,23.88888895649593,39.7,2.816,0.68,8.30915098145984
503100.0,2018-07-23 19:45:00,23.88888890508779,39.0,2.648,0.644,7.92581402167748
504000.0,2018-07-23 20:00:00,23.88888889268833,38.3,2.536,0.624,7.68784031269944
504900.0,2018-07-23 20:15:00,23.88888888975294,37.625,2.4,0.6,7.38656325256468
505800.0,2018-07-23 20:30:00,23.8888888890767,36.95,2.228,0.564,6.95985177439716
506700.0,2018-07-23 20:45:00,23.888888888927845,36.275000000000006,2.064,0.528,6.53196801194896
507600.0,2018-07-23 21:00:00,23.888888888896624,35.6,1.92,0.496,6.153320189289319
508500.0,2018-07-23 21:15:00,23.888888888890435,35.45,1.912,0.496,6.13456364079844
509400.0,2018-07-23 21:30:00,23.8888888888892,35.3,1.884,0.492,6.06305429967696
510300.0,2018-07-23 21:45:00,23.88888888888895,35.15,1.86,0.484,6.012646075607719
511200.0,2018-07-23 22:00:00,23.88888888888891,35.0,1.824,0.476,5.920035617433999
512100.0,2018-07-23 22:15:00,23.888888888888903,34.85,1.748,0.46,5.69847388838548
513000.0,2018-07-23 22:30:00,23.888888888888903,34.7,1.756,0.464,5.74770982817404
513900.0,2018-07-23 22:45:00,23.888888888888903,34.55,1.74,0.46,5.71840272115704
514800.0,2018-07-23 23:00:00,23.8888888888889,34.4,1.692,0.448,5.571867186072041
515700.0,2018-07-23 23:15:00,23.888888888888903,34.275,1.62,0.428,5.35030545702352
516600.0,2018-07-23 23:30:00,23.888888888888907,34.15,1.616,0.428,5.3456163199008
517500.0,2018-07-23 23:45:00,23.888888888888903,34.025,1.58,0.42,5.241283018920281
518400.0,2018-07-24 00:00:00,23.8888888888889,33.9,1.56,0.416,5.186185657728321
519300.0,2018-07-24 00:15:00,23.888888888888896,33.474999999999994,1.508,0.404,5.07247408250236
520200.0,2018-07-24 00:30:00,23.8888888888889,33.05,1.46,0.396,4.94821194875028
521100.0,2018-07-24 00:45:00,23.888888888888903,32.625,1.408,0.384,4.82746666784024
522000.0,2018-07-24 01:00:00,23.8888888888889,32.2,1.364,0.376,4.71141052405292
522900.0,2018-07-24 01:15:00,23.8888888888889,31.925000000000004,1.328,0.368,4.6199723501598795
523800.0,2018-07-24 01:30:00,23.8888888888889,31.65,1.3,0.36,4.5367401662316
524700.0,2018-07-24 01:45:00,23.888888888888903,31.375000000000004,1.268,0.356,4.45819711942604
525600.0,2018-07-24 02:00:00,23.888888888888896,31.1,1.24,0.348,4.38199864118184
526500.0,2018-07-24 02:15:00,23.8888888888889,31.1,1.232,0.348,4.342140975638721
527400.0,2018-07-24 02:30:00,23.8888888888889,31.1,1.22,0.344,4.2893881830081195
528300.0,2018-07-24 02:45:00,23.888888888888903,31.1,1.188,0.336,4.18153802918556
529200.0,2018-07-24 03:00:00,23.888888888888907,31.1,1.208,0.34,4.24249681178092
530100.0,2018-07-24 03:15:00,23.888888888888903,30.975,1.2,0.34,4.22491254757072
531000.0,2018-07-24 03:30:00,23.888888888888903,30.85,1.188,0.336,4.190916303431
531900.0,2018-07-24 03:45:00,23.8888888888889,30.725,1.176,0.332,4.15340320644924
532800.0,2018-07-24 04:00:00,23.8888888888889,30.6,1.164,0.332,4.11706239374816
533700.0,2018-07-24 04:15:00,23.8888888888889,30.300000000000004,1.14,0.324,4.0596204639948406
534600.0,2018-07-24 04:30:00,23.888888888888903,30.0,1.116,0.32,3.9963171128381196
535500.0,2018-07-24 04:45:00,23.888888888888903,29.7,1.092,0.316,3.9330137616814
536400.0,2018-07-24 05:00:00,23.8888888888889,29.4,1.068,0.308,3.8708826948053603
537300.0,2018-07-24 05:15:00,23.8888888888889,29.7,1.12,0.324,4.03500249410056
538200.0,2018-07-24 05:30:00,23.8888888888889,30.0,1.144,0.328,4.09009985529252
539100.0,2018-07-24 05:45:00,23.8888888888889,30.300000000000004,1.168,0.332,4.1369912265197195
540000.0,2018-07-24 06:00:00,23.888888888888896,30.6,1.192,0.34,4.190916303431
540900.0,2018-07-24 06:15:00,23.888888888888903,30.450000000000003,1.196,0.34,4.21318970476392
541800.0,2018-07-24 06:30:00,23.888888888888903,30.3,1.188,0.34,4.2026391462378
542700.0,2018-07-24 06:45:00,23.8888888888889,30.15,1.18,0.34,4.18153802918556
543600.0,2018-07-24 07:00:00,23.888888888888907,30.0,1.172,0.336,4.16278148069468
544500.0,2018-07-24 07:15:00,23.888888888888903,29.85,1.128,0.324,4.00803995564492
545400.0,2018-07-24 07:30:00,23.8888888888889,29.7,1.116,0.324,3.9775605643472396
546300.0,2018-07-24 07:45:00,23.888888888888896,29.55,1.096,0.316,3.92480777171664
547200.0,2018-07-24 08:00:00,23.8888888888889,29.4,1.092,0.316,3.9212909188746004
548100.0,2018-07-24 08:15:00,23.8888888888889,29.55,1.108,0.32,3.9623208686984
549000.0,2018-07-24 08:30:00,23.8888888888889,29.7,1.124,0.324,4.01624594560968
549900.0,2018-07-24 08:45:00,23.8888888888889,29.85,1.148,0.332,4.09947812953796
550800.0,2018-07-24 09:00:00,23.888888888888903,30.0,1.18,0.34,4.1967777248344005
551700.0,2018-07-24 09:15:00,23.8888888888889,30.425,1.236,0.352,4.36206980841028
552600.0,2018-07-24 09:30:00,23.888888888888896,30.85,1.288,0.364,4.52618960770548
553500.0,2018-07-24 09:45:00,23.888888888888903,31.275,1.344,0.376,4.68913712272
554400.0,2018-07-24 10:00:00,23.888888888888903,31.7,1.396,0.388,4.83801722636636
555300.0,2018-07-24 10:15:00,23.8888888888889,31.975,1.48,0.412,5.11233174804548
556200.0,2018-07-24 10:30:00,23.8888888888889,32.25,1.584,0.436,5.451121905162
557100.0,2018-07-24 10:45:00,23.888888888888903,32.525,1.668,0.46,5.72426414256044
558000.0,2018-07-24 11:00:00,23.888888888888903,32.8,1.74,0.476,5.937619881644201
558900.0,2018-07-24 11:15:00,23.8888888888889,33.349999999999994,1.808,0.492,6.0900168381326
559800.0,2018-07-24 11:30:00,23.888888888888903,33.9,1.876,0.504,6.23420780465624
560700.0,2018-07-24 11:45:00,23.8888888888889,34.45,1.936,0.512,6.35026394844356
561600.0,2018-07-24 12:00:00,23.8888888888889,35.0,2.0,0.524,6.48742120928312
562500.0,2018-07-24 12:15:00,23.8888888888889,35.15,2.048,0.536,6.617544764438599
563400.0,2018-07-24 12:30:00,23.8888888888889,35.3,2.088,0.544,6.72656720254184
564300.0,2018-07-24 12:45:00,23.888888888888896,35.45,2.12,0.552,6.80393796506672
565200.0,2018-07-24 13:00:00,23.888888888888896,35.6,2.16,0.56,6.91530497173132
566100.0,2018-07-24 13:15:00,23.888888888888896,36.0,2.24,0.576,7.0911476138333205
567000.0,2018-07-24 13:30:00,23.888888888888896,36.400000000000006,2.324,0.596,7.29043594154892
567900.0,2018-07-24 13:45:00,23.8888888888889,36.8,2.4,0.612,7.46276173080888
568800.0,2018-07-24 14:00:00,23.8888888888889,37.2,2.476,0.624,7.61867554013932
569700.0,2018-07-24 14:15:00,23.888888888888903,37.475,2.568,0.644,7.84492640631056
570600.0,2018-07-24 14:30:00,23.888888888888896,37.75,2.676,0.672,8.11689635942832
571500.0,2018-07-24 14:45:00,23.8888888888889,38.025,2.964,0.744,8.90818824888732
572400.0,2018-07-24 15:00:00,23.8888888888889,38.3,3.232,0.808,9.69830785406564
573300.0,2018-07-24 15:15:00,23.888888888888896,38.3,3.272,0.82,9.847187957712
574200.0,2018-07-24 15:30:00,23.888888888888896,38.3,3.036,0.756,9.11919941940972
575100.0,2018-07-24 15:45:00,23.888888888888896,38.3,2.944,0.732,8.75813586096028
576000.0,2018-07-24 16:00:00,23.888888888888896,38.3,2.912,0.724,8.66552540278656
576900.0,2018-07-24 16:15:00,23.8888888888889,38.025,2.892,0.724,8.67607596131268
577800.0,2018-07-24 16:30:00,23.888888888888893,37.75,2.868,0.72,8.674903677032
578700.0,2018-07-24 16:45:00,23.888888888888896,37.475,2.824,0.712,8.6104280415946
579600.0,2018-07-24 17:00:00,23.888888888888903,37.2,2.716,0.688,8.35135321556432
580500.0,2018-07-24 17:15:00,23.888888888888903,37.2,2.636,0.668,8.088761536692001
581400.0,2018-07-24 17:30:00,23.8888888888889,37.2,2.568,0.648,7.86719980764348
582300.0,2018-07-24 17:45:00,23.888888888888907,37.2,2.54,0.64,7.7722447809084
583200.0,2018-07-24 18:00:00,23.8888888888889,37.2,2.54,0.644,7.77107249662772
584100.0,2018-07-24 18:15:00,23.8888888888889,36.8,2.472,0.632,7.645638078594961
585000.0,2018-07-24 18:30:00,23.888888888888896,36.400000000000006,2.384,0.612,7.4287654866691595
585900.0,2018-07-24 18:45:00,23.888888888888896,36.0,2.308,0.596,7.24237228604104
586800.0,2018-07-24 19:00:00,23.888888888888896,35.6,2.22,0.576,7.0278442626766005
587700.0,2018-07-24 19:15:00,23.888888888888896,35.300000000000004,2.16,0.564,6.87896415903024
588600.0,2018-07-24 19:30:00,23.888888888888896,35.0,2.112,0.556,6.7711140052076795
589500.0,2018-07-24 19:45:00,23.8888888888889,34.7,2.052,0.544,6.617544764438599
590400.0,2018-07-24 20:00:00,23.8888888888889,34.4,2.004,0.532,6.499144052089919
591300.0,2018-07-24 20:15:00,23.888888888888903,34.275,1.948,0.52,6.330335115672001
592200.0,2018-07-24 20:30:00,23.8888888888889,34.15,1.868,0.5,6.072432573922399
593100.0,2018-07-24 20:45:00,23.8888888888889,34.025,1.824,0.488,5.937619881644201
594000.0,2018-07-24 21:00:00,23.8888888888889,33.9,1.764,0.472,5.74770982817404
594900.0,2018-07-24 21:15:00,23.888888888888896,33.474999999999994,1.676,0.452,5.5038746977926
595800.0,2018-07-24 21:30:00,23.8888888888889,33.05,1.612,0.436,5.342099467058761
596700.0,2018-07-24 21:45:00,23.8888888888889,32.625,1.532,0.42,5.12757144369432
597600.0,2018-07-24 22:00:00,23.8888888888889,32.2,1.468,0.404,4.9587625072764006
598500.0,2018-07-24 22:15:00,23.8888888888889,32.075,1.436,0.396,4.85794605913792
599400.0,2018-07-24 22:30:00,23.8888888888889,31.950000000000003,1.408,0.392,4.780575296613041
600300.0,2018-07-24 22:45:00,23.888888888888903,31.825,1.384,0.384,4.71141052405292
601200.0,2018-07-24 23:00:00,23.888888888888907,31.7,1.36,0.38,4.64693488861552
602100.0,2018-07-24 23:15:00,23.888888888888896,31.275,1.316,0.368,4.54494615619636
603000.0,2018-07-24 23:30:00,23.888888888888903,30.85,1.272,0.36,4.4370960023738
603900.0,2018-07-24 23:45:00,23.888888888888896,30.425,1.232,0.352,4.33041813283192
604800.0,2018-07-25 00:00:00,23.888888888888903,30.0,1.192,0.344,4.22842940041276
605700.0,2018-07-25 00:15:00,23.888888888888903,29.725,1.16,0.336,4.13933579508108
606600.0,2018-07-25 00:30:00,23.8888888888889,29.45,1.132,0.328,4.05844817971416
607500.0,2018-07-25 00:45:00,23.888888888888903,29.175,1.116,0.324,4.030313356977841
608400.0,2018-07-25 01:00:00,23.888888888888896,28.9,1.092,0.32,3.96466543725976
609300.0,2018-07-25 01:15:00,23.888888888888903,28.75,1.076,0.316,3.9095680760678
610200.0,2018-07-25 01:30:00,23.8888888888889,28.6,1.056,0.312,3.8591598519985597
611100.0,2018-07-25 01:45:00,23.8888888888889,28.450000000000003,1.044,0.308,3.8134407650520403
612000.0,2018-07-25 02:00:00,23.8888888888889,28.3,1.028,0.304,3.76772167810552
612900.0,2018-07-25 02:15:00,23.888888888888896,28.175,1.016,0.3,3.72669172828172
613800.0,2018-07-25 02:30:00,23.888888888888903,28.05,1.004,0.3,3.6868340627386003
614700.0,2018-07-25 02:45:00,23.888888888888903,27.925,0.988,0.296,3.6481486814761603
615600.0,2018-07-25 03:00:00,23.8888888888889,27.8,0.976,0.292,3.6094633002137204
616500.0,2018-07-25 03:15:00,23.888888888888903,27.8,0.972,0.292,3.58367304603876
617400.0,2018-07-25 03:30:00,23.888888888888896,27.8,0.968,0.288,3.5625719289865203
618300.0,2018-07-25 03:45:00,23.8888888888889,27.8,0.964,0.288,3.5438153804956403
619200.0,2018-07-25 04:00:00,23.8888888888889,27.8,0.96,0.288,3.52623111628544
620100.0,2018-07-25 04:15:00,23.888888888888896,27.525,0.94,0.284,3.4758228922162
621000.0,2018-07-25 04:30:00,23.888888888888896,27.25,0.92,0.28,3.42658695242764
621900.0,2018-07-25 04:45:00,23.8888888888889,26.975,0.904,0.276,3.3761787283583997
622800.0,2018-07-25 05:00:00,23.8888888888889,26.7,0.884,0.272,3.32811507285052
623700.0,2018-07-25 05:15:00,23.888888888888893,26.425,0.892,0.276,3.3761787283583997
624600.0,2018-07-25 05:30:00,23.888888888888903,26.15,0.876,0.272,3.3351487785346
625500.0,2018-07-25 05:45:00,23.8888888888889,25.875000000000004,0.86,0.268,3.2835682701846802
626400.0,2018-07-25 06:00:00,23.8888888888889,25.6,0.856,0.268,3.28122370162332
627300.0,2018-07-25 06:15:00,23.8888888888889,25.725,0.88,0.276,3.3585944641482004
628200.0,2018-07-25 06:30:00,23.888888888888896,25.85,0.892,0.276,3.38321243404248
629100.0,2018-07-25 06:45:00,23.888888888888893,25.975,0.884,0.272,3.32577050428916
630000.0,2018-07-25 07:00:00,23.888888888888903,26.1,0.876,0.268,3.2777068487812797
630900.0,2018-07-25 07:15:00,23.8888888888889,26.375000000000004,0.884,0.272,3.29177426014944
631800.0,2018-07-25 07:30:00,23.8888888888889,26.65,0.9,0.276,3.3234259357278
632700.0,2018-07-25 07:45:00,23.888888888888896,26.925,0.904,0.276,3.3210813671664403
633600.0,2018-07-25 08:00:00,23.888888888888896,27.2,0.952,0.288,3.4769951764968803
634500.0,2018-07-25 08:15:00,23.8888888888889,27.625,0.992,0.296,3.58601761460012
635400.0,2018-07-25 08:30:00,23.8888888888889,28.05,1.02,0.304,3.67159436708976
636300.0,2018-07-25 08:45:00,23.8888888888889,28.475,1.068,0.316,3.80992391221
637200.0,2018-07-25 09:00:00,23.8888888888889,28.9,1.112,0.328,3.9447366044882
638100.0,2018-07-25 09:15:00,23.8888888888889,29.45,1.168,0.34,4.09947812953796
639000.0,2018-07-25 09:30:00,23.8888888888889,30.0,1.224,0.352,4.251875086026359
639900.0,2018-07-25 09:45:00,23.8888888888889,30.550000000000004,1.292,0.368,4.454680266584
640800.0,2018-07-25 10:00:00,23.8888888888889,31.1,1.368,0.384,4.65865773142232
641700.0,2018-07-25 10:15:00,23.8888888888889,31.375000000000004,1.444,0.404,4.90835428320716
642600.0,2018-07-25 10:30:00,23.888888888888896,31.65,1.548,0.432,5.23893845035892
643500.0,2018-07-25 10:45:00,23.8888888888889,31.925000000000004,1.62,0.452,5.473395306494919
644400.0,2018-07-25 11:00:00,23.8888888888889,32.2,1.676,0.464,5.63985967435148
645300.0,2018-07-25 11:15:00,23.888888888888893,32.75,1.748,0.48,5.8203914535762
646200.0,2018-07-25 11:30:00,23.888888888888903,33.3,1.82,0.496,6.00444008564296
647100.0,2018-07-25 11:45:00,23.888888888888903,33.849999999999994,1.896,0.508,6.18848871770972
648000.0,2018-07-25 12:00:00,23.888888888888896,34.4,1.972,0.524,6.36902049693444
648900.0,2018-07-25 12:15:00,23.888888888888896,34.7,1.996,0.528,6.42880699524912
649800.0,2018-07-25 12:30:00,23.888888888888903,35.0,2.044,0.536,6.55072456043984
650700.0,2018-07-25 12:45:00,23.8888888888889,35.300000000000004,2.092,0.548,6.67264212563056
651600.0,2018-07-25 13:00:00,23.8888888888889,35.6,2.152,0.56,6.83324507208372
652500.0,2018-07-25 13:15:00,23.888888888888903,35.300000000000004,2.12,0.552,6.80745481790876
653400.0,2018-07-25 13:30:00,23.8888888888889,35.0,2.08,0.548,6.7464960353134
654300.0,2018-07-25 13:45:00,23.888888888888903,34.7,2.052,0.544,6.7195334968577605
655200.0,2018-07-25 14:00:00,23.888888888888893,34.4,2.016,0.536,6.66209156710444
656100.0,2018-07-25 14:15:00,23.888888888888903,34.974999999999994,2.064,0.544,6.7382900453486405
657000.0,2018-07-25 14:30:00,23.8888888888889,35.55,2.168,0.564,6.9926757342562
657900.0,2018-07-25 14:45:00,23.888888888888896,36.125,2.284,0.588,7.2951250786716395
658800.0,2018-07-25 15:00:00,23.888888888888896,36.7,2.388,0.608,7.5553721889826
659700.0,2018-07-25 15:15:00,23.888888888888896,36.975,2.452,0.624,7.73473168392664
660600.0,2018-07-25 15:30:00,23.888888888888896,37.25,2.512,0.632,7.8789226504502805
661500.0,2018-07-25 15:45:00,23.8888888888889,37.525,2.592,0.652,8.0946229580954
662400.0,2018-07-25 16:00:00,23.8888888888889,37.8,2.668,0.668,8.3056341286178
663300.0,2018-07-25 16:15:00,23.888888888888896,37.525,2.668,0.672,8.39824458679152
664200.0,2018-07-25 16:30:00,23.888888888888896,37.25,2.676,0.68,8.49671646636864
665100.0,2018-07-25 16:45:00,23.8888888888889,36.975,2.64,0.672,8.45568651654484
666000.0,2018-07-25 17:00:00,23.8888888888889,36.7,2.512,0.644,8.10400123234084
666900.0,2018-07-25 17:15:00,23.888888888888903,36.975,2.46,0.624,7.84492640631056
667800.0,2018-07-25 17:30:00,23.888888888888896,37.25,2.436,0.616,7.71480285115508
668700.0,2018-07-25 17:45:00,23.888888888888903,37.525,2.424,0.608,7.6139864030166
669600.0,2018-07-25 18:00:00,23.8888888888889,37.8,2.444,0.608,7.61867554013932
670500.0,2018-07-25 18:15:00,23.8888888888889,37.525,2.364,0.592,7.433454623791881
671400.0,2018-07-25 18:30:00,23.888888888888896,37.25,2.324,0.584,7.34084416561816
672300.0,2018-07-25 18:45:00,23.888888888888896,36.975,2.28,0.576,7.24237228604104
673200.0,2018-07-25 19:00:00,23.888888888888896,36.7,2.2,0.56,7.0278442626766005
674100.0,2018-07-25 19:15:00,23.888888888888893,36.275000000000006,2.144,0.548,6.9047544132051994
675000.0,2018-07-25 19:30:00,23.8888888888889,35.85,2.064,0.532,6.70663836977028
675900.0,2018-07-25 19:45:00,23.8888888888889,35.425,2.0,0.52,6.55072456043984
676800.0,2018-07-25 20:00:00,23.8888888888889,35.0,1.88,0.492,6.21662354044604
677700.0,2018-07-25 20:15:00,23.8888888888889,34.725,1.86,0.488,6.155664757850681
678600.0,2018-07-25 20:30:00,23.888888888888903,34.45,1.78,0.472,5.92355247027604
679500.0,2018-07-25 20:45:00,23.8888888888889,34.175,1.696,0.452,5.6738559184912
680400.0,2018-07-25 21:00:00,23.8888888888889,33.9,1.64,0.44,5.50856383491532
681300.0,2018-07-25 21:15:00,23.888888888888903,33.625,1.624,0.436,5.4745675907756
682200.0,2018-07-25 21:30:00,23.8888888888889,33.349999999999994,1.536,0.416,5.21432048046464
683100.0,2018-07-25 21:45:00,23.8888888888889,33.075,1.552,0.42,5.29403581155088
684000.0,2018-07-25 22:00:00,23.8888888888889,32.8,1.532,0.42,5.26238413597252
684900.0,2018-07-25 22:15:00,23.8888888888889,32.25,1.452,0.4,5.043166975485359
685800.0,2018-07-25 22:30:00,23.8888888888889,31.7,1.368,0.38,4.815743825033439
686700.0,2018-07-25 22:45:00,23.888888888888893,31.15,1.352,0.38,4.81926067787548
687600.0,2018-07-25 23:00:00,23.8888888888889,30.6,1.308,0.372,4.716099661175639
688500.0,2018-07-25 23:15:00,23.8888888888889,30.450000000000003,1.248,0.356,4.51094991205664
689400.0,2018-07-25 23:30:00,23.888888888888903,30.3,1.204,0.344,4.3597252398489195
690300.0,2018-07-25 23:45:00,23.8888888888889,30.15,1.208,0.348,4.38668777830456
691200.0,2018-07-26 00:00:00,23.888888888888903,30.0,1.196,0.344,4.35855295556824
692100.0,2018-07-26 00:15:00,23.888888888888903,29.725,1.16,0.336,4.251875086026359
693000.0,2018-07-26 00:30:00,23.8888888888889,29.45,1.128,0.328,4.16512604925604
693900.0,2018-07-26 00:45:00,23.8888888888889,29.175,1.1,0.32,4.08658300245048
694800.0,2018-07-26 01:00:00,23.8888888888889,28.9,1.072,0.316,4.01272909276764
695700.0,2018-07-26 01:15:00,23.888888888888903,28.75,1.052,0.312,3.9494257416109204
696600.0,2018-07-26 01:30:00,23.8888888888889,28.6,1.036,0.304,3.89667294898032
697500.0,2018-07-26 01:45:00,23.888888888888907,28.450000000000003,1.02,0.3,3.84860929347244
698400.0,2018-07-26 02:00:00,23.888888888888903,28.3,1.004,0.296,3.8017179222452397
699300.0,2018-07-26 02:15:00,23.8888888888889,28.025,0.98,0.292,3.7466205610532803
700200.0,2018-07-26 02:30:00,23.8888888888889,27.75,0.96,0.288,3.68917863129996
701100.0,2018-07-26 02:45:00,23.888888888888903,27.475,0.94,0.284,3.634081270108
702000.0,2018-07-26 03:00:00,23.8888888888889,27.2,0.92,0.28,3.5801561931967196
702900.0,2018-07-26 03:15:00,23.888888888888896,26.925,0.9,0.276,3.52388654772408
703800.0,2018-07-26 03:30:00,23.8888888888889,26.65,0.88,0.272,3.4699614708128
704700.0,2018-07-26 03:45:00,23.888888888888903,26.375000000000004,0.864,0.264,3.4172086781822
705600.0,2018-07-26 04:00:00,23.888888888888903,26.1,0.844,0.26,3.36562816983228
706500.0,2018-07-26 04:15:00,23.8888888888889,25.275,0.808,0.252,3.27418999593924
707400.0,2018-07-26 04:30:00,23.8888888888889,24.450000000000003,0.772,0.248,3.18626867488824
708300.0,2018-07-26 04:45:00,23.8888888888889,23.625,0.744,0.24,3.1147593337667603
709200.0,2018-07-26 05:00:00,23.8888888888889,22.8,0.712,0.232,3.0385608555225603
710100.0,2018-07-26 05:15:00,23.888888888888903,23.35,0.708,0.232,2.99166948429536
711000.0,2018-07-26 05:30:00,23.8888888888889,23.9,0.72,0.232,3.00339232710216
711900.0,2018-07-26 05:45:00,23.888888888888903,24.45,0.736,0.236,3.0303548655578
712800.0,2018-07-26 06:00:00,23.888888888888903,25.0,0.752,0.236,3.06786796253956
713700.0,2018-07-26 06:15:00,23.8888888888889,24.85,0.748,0.236,3.0514559826100403
714600.0,2018-07-26 06:30:00,23.8888888888889,24.7,0.74,0.236,3.02332115987372
715500.0,2018-07-26 06:45:00,23.8888888888889,24.55,0.728,0.232,2.99284176857604
716400.0,2018-07-26 07:00:00,23.8888888888889,24.4,0.728,0.232,2.99753090569876
717300.0,2018-07-26 07:15:00,23.8888888888889,24.7,0.744,0.236,3.04911141404868
718200.0,2018-07-26 07:30:00,23.8888888888889,25.0,0.756,0.24,3.06435110969752
719100.0,2018-07-26 07:45:00,23.888888888888896,25.300000000000004,0.776,0.244,3.14054958794172
720000.0,2018-07-26 08:00:00,23.8888888888889,25.6,0.804,0.252,3.24253832036088
720900.0,2018-07-26 08:15:00,23.8888888888889,26.15,0.832,0.256,3.3117030929210003
721800.0,2018-07-26 08:30:00,23.8888888888889,26.700000000000003,0.872,0.268,3.4347929423924004
722700.0,2018-07-26 08:45:00,23.888888888888903,27.25,0.908,0.276,3.5602273604251597
723600.0,2018-07-26 09:00:00,23.8888888888889,27.8,0.952,0.284,3.68800634701928
724500.0,2018-07-26 09:15:00,23.888888888888903,28.35,0.996,0.296,3.82985274498156
725400.0,2018-07-26 09:30:00,23.8888888888889,28.9,1.048,0.308,3.9857665543119998
726300.0,2018-07-26 09:45:00,23.888888888888896,29.45,1.104,0.32,4.166298333536719
727200.0,2018-07-26 10:00:00,23.8888888888889,30.0,1.168,0.336,4.35738067128756
728100.0,2018-07-26 10:15:00,23.888888888888896,30.825,1.28,0.364,4.69265397556204
729000.0,2018-07-26 10:30:00,23.8888888888889,31.65,1.36,0.38,4.89663144040036
729900.0,2018-07-26 10:45:00,23.8888888888889,32.474999999999994,1.456,0.4,5.15101712930792
730800.0,2018-07-26 11:00:00,23.8888888888889,33.3,1.564,0.424,5.4276762195484
731700.0,2018-07-26 11:15:00,23.8888888888889,33.575,1.644,0.444,5.691440182701401
732600.0,2018-07-26 11:30:00,23.8888888888889,33.849999999999994,1.652,0.44,5.69261246698208
733500.0,2018-07-26 11:45:00,23.8888888888889,34.125,1.708,0.456,5.843837139189801
734400.0,2018-07-26 12:00:00,23.888888888888896,34.4,1.772,0.468,6.034919476940639
735300.0,2018-07-26 12:15:00,23.8888888888889,34.825,1.836,0.484,6.19786699195516
736200.0,2018-07-26 12:30:00,23.888888888888896,35.25,1.924,0.5,6.4334961323718405
737100.0,2018-07-26 12:45:00,23.8888888888889,35.675000000000004,2.04,0.528,6.7711140052076795
738000.0,2018-07-26 13:00:00,23.888888888888903,36.1,2.104,0.54,6.93640608878356
738900.0,2018-07-26 13:15:00,23.888888888888896,36.1,2.124,0.544,7.01260456702776
739800.0,2018-07-26 13:30:00,23.888888888888896,36.1,2.136,0.548,7.0747356339038
740700.0,2018-07-26 13:45:00,23.8888888888889,36.1,2.18,0.56,7.23064944323424
741600.0,2018-07-26 14:00:00,23.8888888888889,36.1,2.204,0.568,7.334982744214759
742500.0,2018-07-26 14:15:00,23.8888888888889,36.25,2.248,0.576,7.4615894465282
743400.0,2018-07-26 14:30:00,23.888888888888896,36.400000000000006,2.272,0.584,7.53427107193036
744300.0,2018-07-26 14:45:00,23.888888888888903,36.55,2.344,0.6,7.72769797824256
745200.0,2018-07-26 15:00:00,23.888888888888903,36.7,2.412,0.616,7.935192295922921
746100.0,2018-07-26 15:15:00,23.888888888888893,36.825,2.416,0.616,7.9234694531161205
747000.0,2018-07-26 15:30:00,23.8888888888889,36.95,2.416,0.612,7.8976791989411605
747900.0,2018-07-26 15:45:00,23.888888888888896,37.075,2.432,0.616,7.92581402167748
748800.0,2018-07-26 16:00:00,23.8888888888889,37.2,2.46,0.62,8.01139077416712
749700.0,2018-07-26 16:15:00,23.8888888888889,37.475,2.7,0.684,8.75813586096028
750600.0,2018-07-26 16:30:00,23.8888888888889,37.75,2.856,0.72,9.2962143457924
751500.0,2018-07-26 16:45:00,23.8888888888889,38.025,2.948,0.74,9.57052886747152
752400.0,2018-07-26 17:00:00,23.8888888888889,38.3,2.964,0.74,9.5717011517522
753300.0,2018-07-26 17:15:00,23.8888888888889,38.025,2.644,0.66,8.60808347303324
754200.0,2018-07-26 17:30:00,23.8888888888889,37.75,2.504,0.628,8.11455179086696
755100.0,2018-07-26 17:45:00,23.8888888888889,37.475,2.416,0.608,7.86719980764348
756000.0,2018-07-26 18:00:00,23.888888888888903,37.2,2.388,0.604,7.81561929929356
756900.0,2018-07-26 18:15:00,23.888888888888903,37.075,2.344,0.592,7.69135716554148
757800.0,2018-07-26 18:30:00,23.888888888888903,36.95,2.3,0.584,7.55771675754396
758700.0,2018-07-26 18:45:00,23.888888888888896,36.825,2.436,0.62,8.01021848988644
759600.0,2018-07-26 19:00:00,23.888888888888896,36.7,2.492,0.636,8.25053676742584
760500.0,2018-07-26 19:15:00,23.888888888888896,36.275000000000006,2.656,0.688,8.8976376903612
761400.0,2018-07-26 19:30:00,23.8888888888889,35.85,2.64,0.692,8.96680246292132
762300.0,2018-07-26 19:45:00,23.888888888888903,35.425,2.516,0.664,8.60104976734916
763200.0,2018-07-26 20:00:00,23.888888888888903,35.0,2.052,0.54,7.05480680113224
764100.0,2018-07-26 20:15:00,23.888888888888907,34.575,1.888,0.5,6.4651478079502
765000.0,2018-07-26 20:30:00,23.8888888888889,34.15,1.76,0.468,6.08884455385192
765900.0,2018-07-26 20:45:00,23.888888888888896,33.724999999999994,1.68,0.452,5.8496985605932
766800.0,2018-07-26 21:00:00,23.8888888888889,33.3,1.596,0.432,5.610552567334479
767700.0,2018-07-26 21:15:00,23.888888888888896,33.025,1.552,0.424,5.47105073793356
768600.0,2018-07-26 21:30:00,23.888888888888893,32.75,1.512,0.412,5.36788972123372
769500.0,2018-07-26 21:45:00,23.8888888888889,32.475,1.516,0.416,5.41829794530296
770400.0,2018-07-26 22:00:00,23.888888888888896,32.2,1.484,0.412,5.33741032993604
771300.0,2018-07-26 22:15:00,23.8888888888889,31.925000000000004,1.556,0.436,5.64689338003556
772200.0,2018-07-26 22:30:00,23.888888888888903,31.65,1.58,0.444,5.77467236662968
773100.0,2018-07-26 22:45:00,23.8888888888889,31.375000000000004,1.384,0.388,5.07716321962508
774000.0,2018-07-26 23:00:00,23.888888888888896,31.1,1.332,0.376,4.91069885176852
774900.0,2018-07-26 23:15:00,23.888888888888903,30.825000000000003,1.276,0.364,4.7243056511404005
775800.0,2018-07-26 23:30:00,23.888888888888903,30.55,1.22,0.348,4.54729072475772
776700.0,2018-07-26 23:45:00,23.8888888888889,30.275,1.172,0.336,4.3937214839886405
777600.0,2018-07-27 00:00:00,23.888888888888903,30.0,1.144,0.332,4.32221214286716
778500.0,2018-07-27 00:15:00,23.8888888888889,29.45,1.1,0.32,4.20615599907984
779400.0,2018-07-27 00:30:00,23.8888888888889,28.9,1.056,0.312,4.0854107181698
780300.0,2018-07-27 00:45:00,23.8888888888889,28.35,1.012,0.3,3.9693545743824803
781200.0,2018-07-27 01:00:00,23.8888888888889,27.8,0.972,0.292,3.85798756771788
782100.0,2018-07-27 01:15:00,23.888888888888896,27.8,0.96,0.288,3.8040624908066003
783000.0,2018-07-27 01:30:00,23.888888888888903,27.8,0.952,0.284,3.7642048252634797
783900.0,2018-07-27 01:45:00,23.8888888888889,27.8,0.944,0.284,3.73138086540444
784800.0,2018-07-27 02:00:00,23.8888888888889,27.8,0.936,0.28,3.70207375838744
785700.0,2018-07-27 02:15:00,23.8888888888889,27.375,0.908,0.276,3.6293921329852803
786600.0,2018-07-27 02:30:00,23.888888888888903,26.950000000000003,0.88,0.268,3.5508490861797197
787500.0,2018-07-27 02:45:00,23.8888888888889,26.525,0.852,0.264,3.4758228922162
788400.0,2018-07-27 03:00:00,23.8888888888889,26.1,0.828,0.256,3.40314126681404
789300.0,2018-07-27 03:15:00,23.8888888888889,26.1,0.82,0.256,3.3644558855516
790200.0,2018-07-27 03:30:00,23.8888888888889,26.1,0.812,0.252,3.33397649425392
791100.0,2018-07-27 03:45:00,23.8888888888889,26.1,0.804,0.248,3.30818624007896
792000.0,2018-07-27 04:00:00,23.8888888888889,26.1,0.8,0.248,3.2835682701846802
792900.0,2018-07-27 04:15:00,23.888888888888896,25.975,0.788,0.244,3.25191659460632
793800.0,2018-07-27 04:30:00,23.8888888888889,25.85,0.78,0.244,3.2202649190279597
794700.0,2018-07-27 04:45:00,23.888888888888896,25.725,0.768,0.24,3.1886132434496
795600.0,2018-07-27 05:00:00,23.888888888888903,25.6,0.76,0.236,3.15813385215192
796500.0,2018-07-27 05:15:00,23.888888888888903,25.725,0.776,0.244,3.2132312133438803
797400.0,2018-07-27 05:30:00,23.888888888888896,25.85,0.776,0.244,3.2179203504666
798300.0,2018-07-27 05:45:00,23.888888888888896,25.975,0.78,0.244,3.21909263474728
799200.0,2018-07-27 06:00:00,23.888888888888896,26.1,0.784,0.244,3.22378177187
800100.0,2018-07-27 06:15:00,23.888888888888907,25.975,0.776,0.24,3.2015083705370797
801000.0,2018-07-27 06:30:00,23.888888888888896,25.85,0.768,0.24,3.1745458320814404
801900.0,2018-07-27 06:45:00,23.8888888888889,25.725,0.888,0.276,3.6844894941772397
802800.0,2018-07-27 07:00:00,23.888888888888903,25.6,0.964,0.304,4.01976279845172
803700.0,2018-07-27 07:15:00,23.888888888888896,25.6,0.988,0.312,4.11237325662544
804600.0,2018-07-27 07:30:00,23.888888888888896,25.6,1.004,0.316,4.18388259774692
805500.0,2018-07-27 07:45:00,23.8888888888889,25.6,0.852,0.268,3.5227142634434
806400.0,2018-07-27 08:00:00,23.8888888888889,25.6,0.828,0.26,3.42072553102424
807300.0,2018-07-27 08:15:00,23.888888888888903,26.15,0.848,0.264,3.46527233369008
808200.0,2018-07-27 08:30:00,23.8888888888889,26.700000000000003,0.876,0.268,3.54850451761836
809100.0,2018-07-27 08:45:00,23.8888888888889,27.25,0.908,0.276,3.6469763971954805
810000.0,2018-07-27 09:00:00,23.888888888888903,27.8,0.948,0.284,3.77123853094756
810900.0,2018-07-27 09:15:00,23.888888888888903,28.5,1.0,0.296,3.9119126446291603
811800.0,2018-07-27 09:30:00,23.8888888888889,29.200000000000003,1.056,0.308,4.07720472820504
812700.0,2018-07-27 09:45:00,23.8888888888889,29.9,1.116,0.324,4.25656422314908
813600.0,2018-07-27 10:00:00,23.888888888888903,30.6,1.184,0.336,4.45116341374196
814500.0,2018-07-27 10:15:00,23.8888888888889,31.15,1.272,0.36,4.72782250398244
815400.0,2018-07-27 10:30:00,23.8888888888889,31.7,1.384,0.388,5.09709205239664
816300.0,2018-07-27 10:45:00,23.8888888888889,32.25,1.472,0.408,5.360856015549641
817200.0,2018-07-27 11:00:00,23.8888888888889,32.8,1.528,0.416,5.49918556066988
818100.0,2018-07-27 11:15:00,23.888888888888903,33.5,1.632,0.44,5.7828783565944395
819000.0,2018-07-27 11:30:00,23.8888888888889,34.2,1.736,0.464,6.0607097311156
819900.0,2018-07-27 11:45:00,23.8888888888889,34.900000000000006,1.836,0.484,6.3068894300583995
820800.0,2018-07-27 12:00:00,23.888888888888903,35.6,1.936,0.504,6.5448631390364405
821700.0,2018-07-27 12:15:00,23.8888888888889,35.725,2.16,0.56,7.27871309874212
822600.0,2018-07-27 12:30:00,23.888888888888893,35.85,2.308,0.6,7.8132747307322
823500.0,2018-07-27 12:45:00,23.8888888888889,35.975,2.384,0.62,8.06883270392044
824400.0,2018-07-27 13:00:00,23.8888888888889,36.1,2.224,0.572,7.5143422391588
825300.0,2018-07-27 13:15:00,23.888888888888903,36.25,2.196,0.564,7.34318873417952
826200.0,2018-07-27 13:30:00,23.888888888888903,36.400000000000006,2.192,0.56,7.30215878435572
827100.0,2018-07-27 13:45:00,23.888888888888896,36.55,2.224,0.568,7.38070183116128
828000.0,2018-07-27 14:00:00,23.8888888888889,36.7,2.252,0.572,7.44869431944072
828900.0,2018-07-27 14:15:00,23.888888888888903,36.975,2.28,0.576,7.50027482779064
829800.0,2018-07-27 14:30:00,23.888888888888903,37.25,2.308,0.58,7.53661564049172
830700.0,2018-07-27 14:45:00,23.8888888888889,37.525,2.384,0.596,7.73238711536528
831600.0,2018-07-27 15:00:00,23.888888888888903,37.8,2.46,0.612,7.94574285444904
832500.0,2018-07-27 15:15:00,23.8888888888889,38.075,2.528,0.628,8.12041321227036
833400.0,2018-07-27 15:30:00,23.8888888888889,38.35,2.62,0.648,8.370109764055199
834300.0,2018-07-27 15:45:00,23.8888888888889,38.625,2.652,0.652,8.44396367373804
835200.0,2018-07-27 16:00:00,23.888888888888903,38.9,2.728,0.668,8.61863403155936
836100.0,2018-07-27 16:15:00,23.888888888888896,38.75,2.76,0.676,8.76985870376708
837000.0,2018-07-27 16:30:00,23.8888888888889,38.6,2.772,0.684,8.850746319134
837900.0,2018-07-27 16:45:00,23.8888888888889,38.45,2.76,0.684,8.850746319134
838800.0,2018-07-27 17:00:00,23.888888888888896,38.3,2.672,0.66,8.60104976734916
839700.0,2018-07-27 17:15:00,23.8888888888889,38.175,2.58,0.64,8.3056341286178
840600.0,2018-07-27 17:30:00,23.8888888888889,38.05,2.524,0.628,8.1415143293226
841500.0,2018-07-27 17:45:00,23.888888888888896,37.925,2.48,0.616,8.01021848988644
842400.0,2018-07-27 18:00:00,23.8888888888889,37.8,2.404,0.6,7.79100132939928
843300.0,2018-07-27 18:15:00,23.888888888888903,37.525,2.332,0.584,7.58819614884164
844200.0,2018-07-27 18:30:00,23.8888888888889,37.25,2.276,0.572,7.44166061375664
845100.0,2018-07-27 18:45:00,23.888888888888903,36.975,2.216,0.56,7.28691908870688
846000.0,2018-07-27 19:00:00,23.888888888888903,36.7,2.16,0.548,7.141555837902559
846900.0,2018-07-27 19:15:00,23.8888888888889,36.275000000000006,2.248,0.58,7.50496396491336
847800.0,2018-07-27 19:30:00,23.888888888888896,35.85,2.272,0.588,7.68197889129604
848700.0,2018-07-27 19:45:00,23.8888888888889,35.425,2.296,0.604,7.84140955346852
849600.0,2018-07-27 20:00:00,23.8888888888889,35.0,2.052,0.54,7.06652964393904
850500.0,2018-07-27 20:15:00,23.888888888888893,34.575,1.916,0.508,6.6152001958772395
851400.0,2018-07-27 20:30:00,23.8888888888889,34.15,1.788,0.476,6.22014039328808
852300.0,2018-07-27 20:45:00,23.888888888888896,33.724999999999994,1.7,0.456,5.9669269886612
853200.0,2018-07-27 21:00:00,23.8888888888889,33.3,1.624,0.44,5.745365259612679
854100.0,2018-07-27 21:15:00,23.888888888888896,33.025,1.532,0.416,5.44408819947792
855000.0,2018-07-27 21:30:00,23.8888888888889,32.75,1.508,0.412,5.39016312256664
855900.0,2018-07-27 21:45:00,23.888888888888903,32.475,1.436,0.396,5.16508454067608
856800.0,2018-07-27 22:00:00,23.8888888888889,32.2,1.376,0.38,4.970485350083201
857700.0,2018-07-27 22:15:00,23.888888888888893,31.925000000000004,1.36,0.38,4.94469509590824
858600.0,2018-07-27 22:30:00,23.8888888888889,31.65,1.268,0.356,4.6363843300894
859500.0,2018-07-27 22:45:00,23.8888888888889,31.375000000000004,1.268,0.356,4.66100229998368
860400.0,2018-07-27 23:00:00,23.888888888888896,31.1,1.28,0.36,4.7207887982983605
861300.0,2018-07-27 23:15:00,23.8888888888889,30.675000000000004,1.232,0.352,4.58714839030084
862200.0,2018-07-27 23:30:00,23.888888888888903,30.25,1.184,0.34,4.45350798230332
863100.0,2018-07-27 23:45:00,23.8888888888889,29.825,1.14,0.332,4.32924584855124
864000.0,2018-07-28 00:00:00,23.8888888888889,29.4,1.1,0.32,4.21318970476392
864900.0,2018-07-28 00:15:00,23.8888888888889,29.125,1.068,0.312,4.1088564037834
865800.0,2018-07-28 00:30:00,23.888888888888896,28.85,1.04,0.308,4.02327965129376
866700.0,2018-07-28 00:45:00,23.8888888888889,28.575000000000003,1.012,0.3,3.9388751830848
867600.0,2018-07-28 01:00:00,23.888888888888896,28.3,0.988,0.296,3.8626767048406
868500.0,2018-07-28 01:15:00,23.888888888888893,28.025,0.968,0.288,3.7946842165611603
869400.0,2018-07-28 01:30:00,23.8888888888889,27.75,0.944,0.284,3.73020858112376
870300.0,2018-07-28 01:45:00,23.8888888888889,27.475,0.924,0.28,3.66807751424772
871200.0,2018-07-28 02:00:00,23.8888888888889,27.2,0.904,0.276,3.6082910159330397
872100.0,2018-07-28 02:15:00,23.8888888888889,26.925,0.884,0.272,3.546159949057
873000.0,2018-07-28 02:30:00,23.888888888888903,26.65,0.868,0.264,3.4863734507423203
873900.0,2018-07-28 02:45:00,23.888888888888896,26.375000000000004,0.848,0.26,3.42775923670832
874800.0,2018-07-28 03:00:00,23.888888888888896,26.1,0.828,0.256,3.3726618755163598
875700.0,2018-07-28 03:15:00,23.888888888888903,25.975,0.816,0.256,3.3292873571312
876600.0,2018-07-28 03:30:00,23.8888888888889,25.85,0.8,0.248,3.26598400597448
877500.0,2018-07-28 03:45:00,23.888888888888896,25.725,0.788,0.248,3.22495405615068
878400.0,2018-07-28 04:00:00,23.888888888888903,25.6,0.784,0.244,3.21440349762456
879300.0,2018-07-28 04:15:00,23.8888888888889,25.450000000000003,0.776,0.244,3.18157953776552
880200.0,2018-07-28 04:30:00,23.8888888888889,25.3,0.764,0.24,3.1464110093451203
881100.0,2018-07-28 04:45:00,23.888888888888896,25.15,0.756,0.236,3.1124147652053997
882000.0,2018-07-28 05:00:00,23.8888888888889,25.0,0.744,0.236,3.07959080534636
882900.0,2018-07-28 05:15:00,23.8888888888889,24.85,0.744,0.236,3.08779679531112
883800.0,2018-07-28 05:30:00,23.888888888888903,24.7,0.736,0.232,3.0561451197327605
884700.0,2018-07-28 05:45:00,23.8888888888889,24.55,0.724,0.232,3.02214887559304
885600.0,2018-07-28 06:00:00,23.888888888888903,24.4,0.716,0.228,2.9881526314533198
886500.0,2018-07-28 06:15:00,23.8888888888889,24.125,0.712,0.228,2.97525750436584
887400.0,2018-07-28 06:30:00,23.8888888888889,23.85,0.7,0.224,2.94126126022612
888300.0,2018-07-28 06:45:00,23.888888888888903,23.575000000000003,0.684,0.22,2.8720964876660005
889200.0,2018-07-28 07:00:00,23.888888888888893,23.3,0.676,0.22,2.85099537061376
890100.0,2018-07-28 07:15:00,23.888888888888903,23.575000000000003,0.72,0.232,3.01511516990896
891000.0,2018-07-28 07:30:00,23.888888888888903,23.85,0.712,0.228,2.95063953447156
891900.0,2018-07-28 07:45:00,23.8888888888889,24.125,0.724,0.232,2.99166948429536
892800.0,2018-07-28 08:00:00,23.888888888888896,24.4,0.756,0.24,3.10186420667928
893700.0,2018-07-28 08:15:00,23.888888888888903,25.1,0.808,0.256,3.28591283874604
894600.0,2018-07-28 08:30:00,23.888888888888903,25.8,0.844,0.264,3.3867292868845196
895500.0,2018-07-28 08:45:00,23.888888888888903,26.5,0.86,0.264,3.40431355109472
896400.0,2018-07-28 09:00:00,23.8888888888889,27.2,0.924,0.28,3.6094633002137204
897300.0,2018-07-28 09:15:00,23.8888888888889,27.9,0.972,0.292,3.75248198245668
898200.0,2018-07-28 09:30:00,23.8888888888889,28.6,1.04,0.308,3.95880401585636
899100.0,2018-07-28 09:45:00,23.888888888888896,29.3,1.092,0.32,4.0971335609766
900000.0,2018-07-28 10:00:00,23.8888888888889,30.0,1.16,0.332,4.2823544773240405
900900.0,2018-07-28 10:15:00,23.888888888888896,30.425,1.252,0.36,4.58714839030084
901800.0,2018-07-28 10:30:00,23.8888888888889,30.85,1.36,0.384,4.936489105943481
902700.0,2018-07-28 10:45:00,23.8888888888889,31.275,1.444,0.408,5.1932193634124
903600.0,2018-07-28 11:00:00,23.888888888888896,31.7,1.504,0.42,5.357339162707601
904500.0,2018-07-28 11:15:00,23.888888888888903,32.25,1.54,0.424,5.41360880818024
905400.0,2018-07-28 11:30:00,23.888888888888903,32.8,1.632,0.448,5.66330535996508
906300.0,2018-07-28 11:45:00,23.888888888888907,33.349999999999994,1.7,0.46,5.8203914535762
907200.0,2018-07-28 12:00:00,23.888888888888907,33.9,1.732,0.464,5.85790455055796
908100.0,2018-07-28 12:15:00,23.888888888888896,34.175,1.812,0.484,6.08181084816784
909000.0,2018-07-28 12:30:00,23.8888888888889,34.45,1.872,0.496,6.2599980588312
909900.0,2018-07-28 12:45:00,23.8888888888889,34.725,1.92,0.508,6.37370963405716
910800.0,2018-07-28 13:00:00,23.888888888888903,35.0,1.936,0.508,6.39598303539008
911700.0,2018-07-28 13:15:00,23.8888888888889,35.425,1.984,0.516,6.47218151363428
912600.0,2018-07-28 13:30:00,23.8888888888889,35.85,2.052,0.528,6.6292676072454
913500.0,2018-07-28 13:45:00,23.888888888888903,36.275000000000006,2.128,0.544,6.80862710218944
914400.0,2018-07-28 14:00:00,23.8888888888889,36.7,2.204,0.56,6.99502030281756
915300.0,2018-07-28 14:15:00,23.8888888888889,36.825,2.236,0.568,7.0876307609912805
916200.0,2018-07-28 14:30:00,23.8888888888889,36.95,2.296,0.58,7.2447168546024
917100.0,2018-07-28 14:45:00,23.8888888888889,37.075,2.344,0.592,7.38421868400332
918000.0,2018-07-28 15:00:00,23.888888888888896,37.2,2.38,0.6,7.489724269264521
918900.0,2018-07-28 15:15:00,23.8888888888889,37.2,2.412,0.608,7.58350701171892
919800.0,2018-07-28 15:30:00,23.8888888888889,37.2,2.472,0.624,7.7839676237152
920700.0,2018-07-28 15:45:00,23.8888888888889,37.2,2.516,0.636,7.92933087451952
921600.0,2018-07-28 16:00:00,23.8888888888889,37.2,2.552,0.644,8.04655930258752
922500.0,2018-07-28 16:15:00,23.8888888888889,37.35,2.6,0.656,8.17551057346232
923400.0,2018-07-28 16:30:00,23.888888888888903,37.5,2.648,0.668,8.30211727577576
924300.0,2018-07-28 16:45:00,23.888888888888907,37.65,2.676,0.672,8.372454332616561
925200.0,2018-07-28 17:00:00,23.8888888888889,37.8,2.64,0.66,8.23764164033836
926100.0,2018-07-28 17:15:00,23.8888888888889,37.8,2.568,0.64,7.99966793136032
927000.0,2018-07-28 17:30:00,23.888888888888903,37.8,2.516,0.628,7.83554813206512
927900.0,2018-07-28 17:45:00,23.888888888888903,37.8,2.484,0.62,7.72887026252324
928800.0,2018-07-28 18:00:00,23.888888888888896,37.8,2.424,0.604,7.54130477761444
929700.0,2018-07-28 18:15:00,23.888888888888896,37.65,2.412,0.604,7.51082538631676
930600.0,2018-07-28 18:30:00,23.8888888888889,37.5,2.336,0.584,7.31153705860116
931500.0,2018-07-28 18:45:00,23.888888888888903,37.35,2.288,0.576,7.16969066063888
932400.0,2018-07-28 19:00:00,23.8888888888889,37.2,2.292,0.576,7.18961949341044
933300.0,2018-07-28 19:15:00,23.8888888888889,36.8,2.164,0.548,6.85317390485528
934200.0,2018-07-28 19:30:00,23.8888888888889,36.400000000000006,2.152,0.552,6.84731248345188
935100.0,2018-07-28 19:45:00,23.888888888888903,36.0,2.072,0.532,6.64450730289424
936000.0,2018-07-28 20:00:00,23.888888888888903,35.6,2.032,0.528,6.561275118965961
936900.0,2018-07-28 20:15:00,23.888888888888903,35.175000000000004,1.952,0.508,6.35260851700492
937800.0,2018-07-28 20:30:00,23.888888888888903,34.75,1.804,0.476,5.920035617433999
938700.0,2018-07-28 20:45:00,23.8888888888889,34.325,1.74,0.46,5.746537543893361
939600.0,2018-07-28 21:00:00,23.8888888888889,33.9,1.672,0.448,5.56366119610728
940500.0,2018-07-28 21:15:00,23.8888888888889,33.75,1.636,0.44,5.4452604837586
941400.0,2018-07-28 21:30:00,23.8888888888889,33.599999999999994,1.608,0.432,5.35382230986556
942300.0,2018-07-28 21:45:00,23.888888888888903,33.45,1.58,0.424,5.27879611590204
943200.0,2018-07-28 22:00:00,23.888888888888896,33.3,1.556,0.42,5.21549276474532
944100.0,2018-07-28 22:15:00,23.888888888888903,32.9,1.484,0.404,5.02206585843312
945000.0,2018-07-28 22:30:00,23.888888888888903,32.5,1.428,0.392,4.87787489190948
945900.0,2018-07-28 22:45:00,23.8888888888889,32.099999999999994,1.376,0.38,4.7536127581573995
946800.0,2018-07-28 23:00:00,23.8888888888889,31.7,1.332,0.372,4.63755661437008
947700.0,2018-07-28 23:15:00,23.888888888888896,31.425,1.292,0.36,4.5343955976702395
948600.0,2018-07-28 23:30:00,23.8888888888889,31.15,1.26,0.356,4.44061285521584
949500.0,2018-07-28 23:45:00,23.888888888888896,30.875000000000004,1.24,0.352,4.39958290539204
950400.0,2018-07-29 00:00:00,23.888888888888903,30.6,1.204,0.344,4.29759417297288
951300.0,2018-07-29 00:15:00,23.888888888888903,30.300000000000004,1.18,0.336,4.2319462532548
952200.0,2018-07-29 00:30:00,23.888888888888896,30.0,1.152,0.332,4.15340320644924
953100.0,2018-07-29 00:45:00,23.888888888888896,29.7,1.124,0.324,4.073687875363
954000.0,2018-07-29 01:00:00,23.888888888888896,29.4,1.096,0.32,3.9963171128381196
954900.0,2018-07-29 01:15:00,23.8888888888889,29.125,1.072,0.312,3.92949690883936
955800.0,2018-07-29 01:30:00,23.888888888888903,28.85,1.048,0.308,3.86736584196332
956700.0,2018-07-29 01:45:00,23.888888888888903,28.575000000000003,1.028,0.304,3.8075793436486403
957600.0,2018-07-29 02:00:00,23.8888888888889,28.3,1.008,0.3,3.74779284533396
958500.0,2018-07-29 02:15:00,23.8888888888889,28.025,0.984,0.292,3.68331720989656
959400.0,2018-07-29 02:30:00,23.8888888888889,27.75,0.964,0.288,3.6188415744591604
960300.0,2018-07-29 02:45:00,23.888888888888907,27.475,0.94,0.284,3.55671050758312
961200.0,2018-07-29 03:00:00,23.888888888888907,27.2,0.92,0.28,3.49692400926844
962100.0,2018-07-29 03:15:00,23.8888888888889,27.075,0.908,0.276,3.4535494908832804
963000.0,2018-07-29 03:30:00,23.888888888888896,26.95,0.896,0.272,3.4148641096208396
963900.0,2018-07-29 03:45:00,23.888888888888896,26.825,0.884,0.268,3.3785232969197603
964800.0,2018-07-29 04:00:00,23.888888888888896,26.7,0.876,0.268,3.34452705278004
965700.0,2018-07-29 04:15:00,23.8888888888889,26.55,0.86,0.264,3.2999802501142
966600.0,2018-07-29 04:30:00,23.888888888888896,26.4,0.848,0.26,3.2589503002903997
967500.0,2018-07-29 04:45:00,23.888888888888896,26.250000000000004,0.836,0.256,3.2202649190279597
968400.0,2018-07-29 05:00:00,23.8888888888889,26.1,0.824,0.256,3.1827518220461997
969300.0,2018-07-29 05:15:00,23.888888888888903,25.5375,0.816,0.256,3.1839241063268804
970200.0,2018-07-29 05:30:00,23.8888888888889,24.975,0.788,0.248,3.11007019664404
971100.0,2018-07-29 05:45:00,23.8888888888889,24.4125,0.76,0.24,3.0280102969964404
972000.0,2018-07-29 06:00:00,23.8888888888889,23.85,0.732,0.236,2.9471226816295197
972900.0,2018-07-29 06:15:00,23.8888888888889,24.137500000000003,0.736,0.236,2.93539983882272
973800.0,2018-07-29 06:30:00,23.8888888888889,24.425,0.744,0.236,2.94008897594544
974700.0,2018-07-29 06:45:00,23.888888888888896,24.7125,0.752,0.236,2.94946725019088
975600.0,2018-07-29 07:00:00,23.8888888888889,25.0,0.768,0.244,3.0010477585408
976500.0,2018-07-29 07:15:00,23.8888888888889,25.15,0.76,0.24,2.9424335445068
977400.0,2018-07-29 07:30:00,23.888888888888896,25.3,0.768,0.24,2.9623623772783603
978300.0,2018-07-29 07:45:00,23.888888888888903,25.450000000000003,0.78,0.244,3.00339232710216
979200.0,2018-07-29 08:00:00,23.888888888888903,25.6,0.796,0.248,3.0479391297680003
980100.0,2018-07-29 08:15:00,23.8888888888889,26.000000000000004,0.832,0.256,3.16165070499396
981000.0,2018-07-29 08:30:00,23.888888888888903,26.4,0.856,0.264,3.23784918323816
981900.0,2018-07-29 08:45:00,23.8888888888889,26.8,0.888,0.268,3.33397649425392
982800.0,2018-07-29 09:00:00,23.8888888888889,27.2,0.928,0.28,3.4769951764968803
983700.0,2018-07-29 09:15:00,23.8888888888889,27.625,0.956,0.288,3.55671050758312
984600.0,2018-07-29 09:30:00,23.8888888888889,28.05,1.016,0.304,3.751309698176
985500.0,2018-07-29 09:45:00,23.888888888888896,28.475,1.056,0.312,3.8708826948053603
986400.0,2018-07-29 10:00:00,23.8888888888889,28.9,1.108,0.324,4.01741822989036
987300.0,2018-07-29 10:15:00,23.888888888888903,29.725,1.22,0.352,4.3433132599194
988200.0,2018-07-29 10:30:00,23.888888888888896,30.55,1.356,0.388,4.75126818959604
989100.0,2018-07-29 10:45:00,23.888888888888896,31.375,1.472,0.412,5.07247408250236
990000.0,2018-07-29 11:00:00,23.8888888888889,32.2,1.588,0.44,5.36788972123372
990900.0,2018-07-29 11:15:00,23.888888888888903,32.625,1.636,0.448,5.48511814930172
991800.0,2018-07-29 11:30:00,23.888888888888903,33.05,1.68,0.456,5.569522617510681
992700.0,2018-07-29 11:45:00,23.8888888888889,33.474999999999994,1.724,0.464,5.6621330756844
993600.0,2018-07-29 12:00:00,23.8888888888889,33.9,1.772,0.472,5.77115551378764
994500.0,2018-07-29 12:15:00,23.8888888888889,34.325,1.836,0.488,5.94113673448624
995400.0,2018-07-29 12:30:00,23.8888888888889,34.75,1.9,0.5,6.1076011023428
996300.0,2018-07-29 12:45:00,23.8888888888889,35.175000000000004,1.936,0.504,6.174421306341561
997200.0,2018-07-29 13:00:00,23.888888888888896,35.6,1.996,0.516,6.30337257721636
998100.0,2018-07-29 13:15:00,23.888888888888896,36.150000000000006,2.096,0.536,6.539001717633041
999000.0,2018-07-29 13:30:00,23.888888888888896,36.7,2.192,0.556,6.7640802995236
999900.0,2018-07-29 13:45:00,23.888888888888896,37.25,2.28,0.572,6.9575072058358
1000800.0,2018-07-29 14:00:00,23.8888888888889,37.8,2.376,0.592,7.16969066063888
1001700.0,2018-07-29 14:15:00,23.888888888888903,37.925,2.432,0.604,7.33615502849544
1002600.0,2018-07-29 14:30:00,23.8888888888889,38.05,2.516,0.624,7.57764559031552
1003500.0,2018-07-29 14:45:00,23.8888888888889,38.175,2.572,0.636,7.74645452673344
1004400.0,2018-07-29 15:00:00,23.888888888888903,38.3,2.616,0.648,7.876578081888921
1005300.0,2018-07-29 15:15:00,23.888888888888903,38.45,2.668,0.656,8.01373534272848
1006200.0,2018-07-29 15:30:00,23.888888888888896,38.6,2.708,0.668,8.119240927989681
1007100.0,2018-07-29 15:45:00,23.888888888888903,38.75,2.744,0.672,8.201300827637281
1008000.0,2018-07-29 16:00:00,23.888888888888903,38.9,2.808,0.688,8.36190377409044
1008900.0,2018-07-29 16:15:00,23.8888888888889,38.75,2.836,0.696,8.48264905500048
1009800.0,2018-07-29 16:30:00,23.8888888888889,38.6,2.848,0.704,8.55533068040264
1010700.0,2018-07-29 16:45:00,23.888888888888896,38.45,2.828,0.7,8.541263269034479
1011600.0,2018-07-29 17:00:00,23.8888888888889,38.3,2.776,0.688,8.41231199815968
1012500.0,2018-07-29 17:15:00,23.8888888888889,38.45,2.724,0.672,8.2177128075668
1013400.0,2018-07-29 17:30:00,23.8888888888889,38.6,2.7,0.664,8.119240927989681
1014300.0,2018-07-29 17:45:00,23.8888888888889,38.75,2.7,0.66,8.081727831007921
1015200.0,2018-07-29 18:00:00,23.888888888888893,38.9,2.684,0.656,8.01021848988644
1016100.0,2018-07-29 18:15:00,23.888888888888893,38.475,2.624,0.648,7.914091178870681
1017000.0,2018-07-29 18:30:00,23.888888888888896,38.05,2.56,0.636,7.79100132939928
1017900.0,2018-07-29 18:45:00,23.888888888888893,37.625,2.484,0.62,7.62922609866544
1018800.0,2018-07-29 19:00:00,23.8888888888889,37.2,2.396,0.604,7.42290406526576
1019700.0,2018-07-29 19:15:00,23.8888888888889,36.925,2.312,0.584,7.181413503445681
1020600.0,2018-07-29 19:30:00,23.8888888888889,36.650000000000006,2.28,0.58,7.10873187804352
1021500.0,2018-07-29 19:45:00,23.888888888888903,36.375,2.232,0.572,6.99736487137892
1022400.0,2018-07-29 20:00:00,23.8888888888889,36.1,2.184,0.56,6.88482558043364
1023300.0,2018-07-29 20:15:00,23.8888888888889,35.550000000000004,2.088,0.544,6.65974699854308
1024200.0,2018-07-29 20:30:00,23.8888888888889,35.0,1.96,0.516,6.31978455714588
1025100.0,2018-07-29 20:45:00,23.8888888888889,34.45,1.86,0.492,6.04664231974744
1026000.0,2018-07-29 21:00:00,23.888888888888903,33.9,1.764,0.472,5.79577348368192
1026900.0,2018-07-29 21:15:00,23.8888888888889,33.75,1.716,0.46,5.64220424291284
1027800.0,2018-07-29 21:30:00,23.8888888888889,33.599999999999994,1.676,0.452,5.51442525631872
1028700.0,2018-07-29 21:45:00,23.8888888888889,33.45,1.624,0.44,5.3690620055144
1029600.0,2018-07-29 22:00:00,23.8888888888889,33.3,1.58,0.428,5.240110734639599
1030500.0,2018-07-29 22:15:00,23.8888888888889,33.025,1.552,0.42,5.167429109237441
1031400.0,2018-07-29 22:30:00,23.8888888888889,32.75,1.52,0.416,5.0935751995546
1032300.0,2018-07-29 22:45:00,23.8888888888889,32.475,1.488,0.408,5.02558271127516
1033200.0,2018-07-29 23:00:00,23.8888888888889,32.2,1.476,0.408,5.01268758418768
1034100.0,2018-07-29 23:15:00,23.888888888888893,31.925000000000004,1.416,0.392,4.84387864776976
1035000.0,2018-07-29 23:30:00,23.888888888888896,31.65,1.368,0.38,4.70437681836884
1035900.0,2018-07-29 23:45:00,23.8888888888889,31.375000000000004,1.328,0.372,4.58480382173948
1036800.0,2018-07-30 00:00:00,23.888888888888903,31.1,1.292,0.364,4.47695366791692
1037700.0,2018-07-30 00:15:00,23.888888888888903,30.675000000000004,1.24,0.352,4.3433132599194
1038600.0,2018-07-30 00:30:00,23.888888888888896,30.25,1.176,0.336,4.15340320644924
1039500.0,2018-07-30 00:45:00,23.8888888888889,29.825,1.16,0.336,4.132302089397
1040400.0,2018-07-30 01:00:00,23.8888888888889,29.4,1.128,0.328,4.05258675831076
1041300.0,2018-07-30 01:15:00,23.8888888888889,29.275,1.112,0.324,3.99866168139948
1042200.0,2018-07-30 01:30:00,23.888888888888896,29.15,1.1,0.32,3.95411487873364
1043100.0,2018-07-30 01:45:00,23.8888888888889,29.025,1.084,0.316,3.91425721319052
1044000.0,2018-07-30 02:00:00,23.8888888888889,28.9,1.072,0.316,3.87557183192808
1044900.0,2018-07-30 02:15:00,23.8888888888889,28.625,1.048,0.308,3.8110961964906798
1045800.0,2018-07-30 02:30:00,23.8888888888889,28.35,1.024,0.304,3.74310370821124
1046700.0,2018-07-30 02:45:00,23.888888888888903,28.075000000000003,1.0,0.296,3.6774557884931602
1047600.0,2018-07-30 03:00:00,23.888888888888896,27.8,0.976,0.292,3.61298015305576
1048500.0,2018-07-30 03:15:00,23.8888888888889,27.65,0.96,0.288,3.56491649754788
1049400.0,2018-07-30 03:30:00,23.888888888888903,27.5,0.948,0.284,3.5227142634434
1050300.0,2018-07-30 03:45:00,23.888888888888907,27.35,0.932,0.28,3.4828565979002803
1051200.0,2018-07-30 04:00:00,23.888888888888903,27.2,0.92,0.28,3.4441712166378404
1052100.0,2018-07-30 04:15:00,23.8888888888889,26.925,0.9,0.276,3.39845212969132
1053000.0,2018-07-30 04:30:00,23.8888888888889,26.65,0.884,0.272,3.3527330427448
1053900.0,2018-07-30 04:45:00,23.888888888888903,26.375000000000004,0.868,0.268,3.30818624007896
1054800.0,2018-07-30 05:00:00,23.888888888888896,26.1,0.852,0.264,3.2648117216938
1055700.0,2018-07-30 05:15:00,23.8888888888889,26.1,0.864,0.268,3.30935852435964
1056600.0,2018-07-30 05:30:00,23.888888888888896,26.1,0.86,0.264,3.29529111299148
1057500.0,2018-07-30 05:45:00,23.8888888888889,26.1,0.856,0.264,3.2765345645006
1058400.0,2018-07-30 06:00:00,23.888888888888893,26.1,0.852,0.264,3.25777801600972
1059300.0,2018-07-30 06:15:00,23.888888888888903,25.975,0.844,0.26,3.2308154775540796
1060200.0,2018-07-30 06:30:00,23.8888888888889,25.85,0.84,0.26,3.2003360862564
1061100.0,2018-07-30 06:45:00,23.8888888888889,25.725,0.84,0.26,3.19799151769504
1062000.0,2018-07-30 07:00:00,23.888888888888903,25.6,0.844,0.264,3.2202649190279597
1062900.0,2018-07-30 07:15:00,23.888888888888896,25.725,0.832,0.26,3.16282298927464
1063800.0,2018-07-30 07:30:00,23.888888888888893,25.85,0.844,0.26,3.1839241063268804
1064700.0,2018-07-30 07:45:00,23.8888888888889,25.975,0.856,0.264,3.22495405615068
1065600.0,2018-07-30 08:00:00,23.888888888888903,26.1,0.872,0.268,3.2695008588165204
1066500.0,2018-07-30 08:15:00,23.8888888888889,26.65,0.94,0.288,3.50161314639116
1067400.0,2018-07-30 08:30:00,23.888888888888896,27.200000000000003,0.984,0.3,3.6235307115818802
1068300.0,2018-07-30 08:45:00,23.888888888888896,27.75,1.02,0.308,3.72434715972036
1069200.0,2018-07-30 09:00:00,23.8888888888889,28.3,1.088,0.324,3.92246320315528
1070100.0,2018-07-30 09:15:00,23.8888888888889,28.875,1.124,0.328,4.00569538708356
1071000.0,2018-07-30 09:30:00,23.8888888888889,29.450000000000003,1.16,0.336,4.08423843388912
1071900.0,2018-07-30 09:45:00,23.8888888888889,30.025,1.224,0.352,4.2671147816752
1072800.0,2018-07-30 10:00:00,23.8888888888889,30.6,1.284,0.364,4.42185630672496
1073700.0,2018-07-30 10:15:00,23.8888888888889,31.15,1.38,0.388,4.693826259842719
1074600.0,2018-07-30 10:30:00,23.8888888888889,31.7,1.508,0.42,5.08536920958984
1075500.0,2018-07-30 10:45:00,23.888888888888896,32.25,1.612,0.444,5.38430170116324
1076400.0,2018-07-30 11:00:00,23.8888888888889,32.8,1.696,0.464,5.61993084157992
1077300.0,2018-07-30 11:15:00,23.888888888888896,33.2,1.768,0.48,5.81101317933076
1078200.0,2018-07-30 11:30:00,23.8888888888889,33.599999999999994,2.004,0.544,6.539001717633041
1079100.0,2018-07-30 11:45:00,23.8888888888889,34.0,2.204,0.596,7.18258578772636
1080000.0,2018-07-30 12:00:00,23.888888888888903,34.4,2.296,0.616,7.4475220351600395
1080900.0,2018-07-30 12:15:00,23.8888888888889,34.55,2.368,0.632,7.65267178427904
1081800.0,2018-07-30 12:30:00,23.8888888888889,34.7,2.188,0.58,7.06184050681632
1082700.0,2018-07-30 12:45:00,23.888888888888893,34.85,2.16,0.572,6.89654842324044
1083600.0,2018-07-30 13:00:00,23.8888888888889,35.0,2.096,0.552,6.676158978472601
1084500.0,2018-07-30 13:15:00,23.8888888888889,35.425,2.18,0.568,6.8402787777678
1085400.0,2018-07-30 13:30:00,23.888888888888896,35.85,2.22,0.576,6.91882182457336
1086300.0,2018-07-30 13:45:00,23.888888888888896,36.275000000000006,2.316,0.596,7.13569441649916
1087200.0,2018-07-30 14:00:00,23.888888888888903,36.7,2.392,0.608,7.31153705860116
1088100.0,2018-07-30 14:15:00,23.8888888888889,36.825,2.42,0.616,7.393596958248761
1089000.0,2018-07-30 14:30:00,23.888888888888903,36.95,2.444,0.62,7.45690030940548
1089900.0,2018-07-30 14:45:00,23.888888888888907,37.075,2.472,0.624,7.53544335621104
1090800.0,2018-07-30 15:00:00,23.8888888888889,37.2,2.508,0.632,7.643293510033599
1091700.0,2018-07-30 15:15:00,23.8888888888889,36.925,2.492,0.632,7.67142833276992
1092600.0,2018-07-30 15:30:00,23.8888888888889,36.650000000000006,2.476,0.632,7.6843234598574
1093500.0,2018-07-30 15:45:00,23.888888888888896,36.375,2.46,0.632,7.68784031269944
1094400.0,2018-07-30 16:00:00,23.888888888888903,36.1,2.436,0.628,7.67963432273468
1095300.0,2018-07-30 16:15:00,23.8888888888889,36.25,2.456,0.632,7.71128599831304
1096200.0,2018-07-30 16:30:00,23.8888888888889,36.400000000000006,2.66,0.688,8.31970153998596
1097100.0,2018-07-30 16:45:00,23.8888888888889,36.55,2.592,0.668,8.14854803500668
1098000.0,2018-07-30 17:00:00,23.888888888888903,36.7,2.54,0.648,7.92698630595816
1098900.0,2018-07-30 17:15:00,23.888888888888907,36.975,2.512,0.636,7.780450770873159
1099800.0,2018-07-30 17:30:00,23.8888888888889,37.25,2.504,0.632,7.7042522926289605
1100700.0,2018-07-30 17:45:00,23.888888888888896,37.525,2.516,0.632,7.69487401838352
1101600.0,2018-07-30 18:00:00,23.888888888888896,37.8,2.524,0.628,7.67142833276992
1102500.0,2018-07-30 18:15:00,23.888888888888896,37.525,2.496,0.624,7.63977665719156
1103400.0,2018-07-30 18:30:00,23.8888888888889,37.25,2.444,0.616,7.53309878764968
1104300.0,2018-07-30 18:45:00,23.8888888888889,36.975,2.376,0.604,7.36663441979312
1105200.0,2018-07-30 19:00:00,23.888888888888896,36.7,2.316,0.588,7.2154097475854
1106100.0,2018-07-30 19:15:00,23.8888888888889,36.425,2.256,0.576,7.0653573596583605
1107000.0,2018-07-30 19:30:00,23.8888888888889,36.150000000000006,2.228,0.572,7.01729370415048
1107900.0,2018-07-30 19:45:00,23.8888888888889,35.875,2.176,0.564,6.887170148995
1108800.0,2018-07-30 20:00:00,23.8888888888889,35.6,2.092,0.544,6.65036872429764
1109700.0,2018-07-30 20:15:00,23.888888888888896,35.175000000000004,1.984,0.52,6.35846993840832
1110600.0,2018-07-30 20:30:00,23.888888888888896,34.75,1.892,0.496,6.10408424950076
1111500.0,2018-07-30 20:45:00,23.8888888888889,34.325,1.82,0.484,5.92706932311808
1112400.0,2018-07-30 21:00:00,23.888888888888903,33.9,1.748,0.468,5.73481470108656
1113300.0,2018-07-30 21:15:00,23.8888888888889,33.9,1.684,0.448,5.50621926635396
1114200.0,2018-07-30 21:30:00,23.888888888888903,33.9,1.7,0.456,5.54959378473912
1115100.0,2018-07-30 21:45:00,23.888888888888896,33.9,1.66,0.444,5.414781092460919
1116000.0,2018-07-30 22:00:00,23.888888888888893,33.9,1.696,0.452,5.5214589620028
1116900.0,2018-07-30 22:15:00,23.8888888888889,33.474999999999994,1.584,0.428,5.21549276474532
1117800.0,2018-07-30 22:30:00,23.8888888888889,33.05,1.492,0.404,4.9470396644695995
1118700.0,2018-07-30 22:45:00,23.8888888888889,32.625,1.5,0.412,5.0290995641172005
1119600.0,2018-07-30 23:00:00,23.8888888888889,32.2,1.488,0.412,5.03965012264332
1120500.0,2018-07-30 23:15:00,23.888888888888907,31.925000000000004,1.428,0.396,4.8544292062958805
1121400.0,2018-07-30 23:30:00,23.888888888888903,31.65,1.38,0.384,4.71727194545632
1122300.0,2018-07-30 23:45:00,23.888888888888896,31.375000000000004,1.348,0.376,4.62935062440532
1123200.0,2018-07-31 00:00:00,23.8888888888889,31.1,1.308,0.368,4.51446676489868
1124100.0,2018-07-31 00:15:00,23.888888888888896,30.975,1.276,0.36,4.41247803247952
1125000.0,2018-07-31 00:30:00,23.888888888888896,30.85,1.26,0.356,4.36910351409436
1125900.0,2018-07-31 00:45:00,23.8888888888889,30.725,1.244,0.352,4.31635072146376
1126800.0,2018-07-31 01:00:00,23.8888888888889,30.6,1.224,0.348,4.2635979288331605
1127700.0,2018-07-31 01:15:00,23.8888888888889,30.450000000000003,1.208,0.344,4.2143619890446
1128600.0,2018-07-31 01:30:00,23.8888888888889,30.3,1.192,0.34,4.16864290209808
1129500.0,2018-07-31 01:45:00,23.8888888888889,30.15,1.176,0.336,4.12526838371292
1130400.0,2018-07-31 02:00:00,23.8888888888889,30.0,1.164,0.336,4.08306614960844
1131300.0,2018-07-31 02:15:00,23.8888888888889,29.725,1.136,0.328,4.01272909276764
1132200.0,2018-07-31 02:30:00,23.888888888888896,29.45,1.112,0.324,3.9412197516461602
1133100.0,2018-07-31 02:45:00,23.888888888888896,29.175,1.084,0.316,3.87205497908604
1134000.0,2018-07-31 03:00:00,23.888888888888896,28.9,1.06,0.312,3.80640705936796
1134900.0,2018-07-31 03:15:00,23.8888888888889,28.75,1.044,0.308,3.7559988352987204
1135800.0,2018-07-31 03:30:00,23.8888888888889,28.6,1.028,0.304,3.7102797483522
1136700.0,2018-07-31 03:45:00,23.8888888888889,28.450000000000003,1.016,0.3,3.6669052299670404
1137600.0,2018-07-31 04:00:00,23.888888888888896,28.3,1.0,0.296,3.62587528014324
1138500.0,2018-07-31 04:15:00,23.8888888888889,28.175,0.984,0.292,3.5813284774774004
1139400.0,2018-07-31 04:30:00,23.8888888888889,28.05,0.972,0.288,3.54264309621496
1140300.0,2018-07-31 04:45:00,23.8888888888889,27.925,0.96,0.288,3.50747456779456
1141200.0,2018-07-31 05:00:00,23.888888888888903,27.8,0.948,0.284,3.47230603937416
1142100.0,2018-07-31 05:15:00,23.8888888888889,27.8,0.976,0.292,3.5813284774774004
1143000.0,2018-07-31 05:30:00,23.8888888888889,27.8,0.98,0.292,3.58836218316148
1143900.0,2018-07-31 05:45:00,23.8888888888889,27.8,0.968,0.292,3.5508490861797197
1144800.0,2018-07-31 06:00:00,23.8888888888889,27.8,0.964,0.288,3.52740340056612
1145700.0,2018-07-31 06:15:00,23.888888888888903,27.525,0.972,0.292,3.5696056346705998
1146600.0,2018-07-31 06:30:00,23.888888888888903,27.25,0.96,0.288,3.54147081193428
1147500.0,2018-07-31 06:45:00,23.888888888888896,26.975,0.948,0.288,3.50981913635592
1148400.0,2018-07-31 07:00:00,23.8888888888889,26.7,0.936,0.288,3.49223487214572
1149300.0,2018-07-31 07:15:00,23.888888888888896,26.825,0.896,0.272,3.31639223004372
1150200.0,2018-07-31 07:30:00,23.888888888888896,26.95,0.908,0.276,3.35038847418344
1151100.0,2018-07-31 07:45:00,23.888888888888896,27.075,0.92,0.28,3.3855570026038397
1152000.0,2018-07-31 08:00:00,23.8888888888889,27.2,0.9,0.272,3.2988079658335203
1152900.0,2018-07-31 08:15:00,23.888888888888903,27.35,0.94,0.284,3.4359652266730802
1153800.0,2018-07-31 08:30:00,23.888888888888903,27.5,0.936,0.28,3.4113472567788
1154700.0,2018-07-31 08:45:00,23.8888888888889,27.65,0.964,0.288,3.50864685207524
1155600.0,2018-07-31 09:00:00,23.8888888888889,27.8,0.984,0.296,3.57312248751264
1156500.0,2018-07-31 09:15:00,23.888888888888903,28.075000000000003,1.032,0.308,3.72551944400104
1157400.0,2018-07-31 09:30:00,23.8888888888889,28.35,1.06,0.316,3.81812990217476
1158300.0,2018-07-31 09:45:00,23.8888888888889,28.625,1.092,0.324,3.91308492890984
1159200.0,2018-07-31 10:00:00,23.8888888888889,28.9,1.128,0.332,4.01859051417104
1160100.0,2018-07-31 10:15:00,23.8888888888889,29.175,1.168,0.34,4.1498863536072
1161000.0,2018-07-31 10:30:00,23.8888888888889,29.45,1.212,0.352,4.2846990458854
1161900.0,2018-07-31 10:45:00,23.8888888888889,29.725,1.24,0.36,4.3726203669364
1162800.0,2018-07-31 11:00:00,23.8888888888889,30.0,1.284,0.368,4.5074330592146
1163700.0,2018-07-31 11:15:00,23.888888888888903,30.425,1.34,0.384,4.66686372138708
1164600.0,2018-07-31 11:30:00,23.8888888888889,30.85,1.396,0.396,4.834500373524319
1165500.0,2018-07-31 11:45:00,23.888888888888896,31.275,1.464,0.412,5.0349609855206
1166400.0,2018-07-31 12:00:00,23.888888888888903,31.7,1.52,0.424,5.18970251057036
1167300.0,2018-07-31 12:15:00,23.8888888888889,32.25,1.592,0.44,5.36554515267236
1168200.0,2018-07-31 12:30:00,23.888888888888896,32.8,1.668,0.456,5.5566274904232005
1169100.0,2018-07-31 12:45:00,23.888888888888896,33.349999999999994,1.776,0.48,5.84852627631252
1170000.0,2018-07-31 13:00:00,23.8888888888889,33.9,1.864,0.5,6.0689157210803595
1170900.0,2018-07-31 13:15:00,23.888888888888896,34.037499999999994,1.928,0.516,6.2623426273925595
1171800.0,2018-07-31 13:30:00,23.8888888888889,34.175,1.992,0.532,6.45811410226612
1172700.0,2018-07-31 13:45:00,23.888888888888903,34.3125,2.06,0.548,6.64802415573628
1173600.0,2018-07-31 14:00:00,23.888888888888903,34.45,2.292,0.612,7.36663441979312
1174500.0,2018-07-31 14:15:00,23.888888888888907,34.4375,2.412,0.648,7.80975787789016
1175400.0,2018-07-31 14:30:00,23.888888888888903,34.425,2.28,0.608,7.3771849783192405
1176300.0,2018-07-31 14:45:00,23.8888888888889,34.412499999999994,2.384,0.64,7.65853320568244
1177200.0,2018-07-31 15:00:00,23.888888888888903,34.4,2.416,0.648,7.795690466522
1178100.0,2018-07-31 15:15:00,23.888888888888907,34.7,2.232,0.592,7.13803898506052
1179000.0,2018-07-31 15:30:00,23.888888888888896,35.0,2.204,0.58,6.93640608878356
1179900.0,2018-07-31 15:45:00,23.8888888888889,35.300000000000004,2.22,0.58,6.94930121587104
1180800.0,2018-07-31 16:00:00,23.888888888888903,35.6,2.264,0.588,7.06184050681632
1181700.0,2018-07-31 16:15:00,23.8888888888889,35.6,2.292,0.596,7.181413503445681
1182600.0,2018-07-31 16:30:00,23.8888888888889,35.6,2.3,0.6,7.23651086463764
1183500.0,2018-07-31 16:45:00,23.8888888888889,35.6,2.336,0.608,7.36428985123176
1184400.0,2018-07-31 17:00:00,23.888888888888896,35.6,2.316,0.604,7.322087617127281
1185300.0,2018-07-31 17:15:00,23.888888888888896,35.45,2.264,0.592,7.181413503445681
1186200.0,2018-07-31 17:30:00,23.8888888888889,35.3,2.208,0.58,7.038394821202719
1187100.0,2018-07-31 17:45:00,23.8888888888889,35.15,2.344,0.616,7.493241122106561
1188000.0,2018-07-31 18:00:00,23.888888888888896,35.0,2.424,0.644,7.83437584778444
1188900.0,2018-07-31 18:15:00,23.8888888888889,34.85,2.176,0.576,7.07825248674584
1189800.0,2018-07-31 18:30:00,23.888888888888896,34.7,2.044,0.54,6.6152001958772395
1190700.0,2018-07-31 18:45:00,23.8888888888889,34.55,1.98,0.524,6.42763471096844
1191600.0,2018-07-31 19:00:00,23.8888888888889,34.4,1.94,0.516,6.32212912570724
1192500.0,2018-07-31 19:15:00,23.8888888888889,34.275,1.9,0.504,6.21545125616536
1193400.0,2018-07-31 19:30:00,23.8888888888889,34.15,1.856,0.496,6.09236140669396
1194300.0,2018-07-31 19:45:00,23.8888888888889,34.025,1.816,0.484,5.978649831467999
1195200.0,2018-07-31 20:00:00,23.888888888888896,33.9,1.768,0.472,5.84618170775116
1196100.0,2018-07-31 20:15:00,23.8888888888889,33.2,1.692,0.46,5.69495703554344
1197000.0,2018-07-31 20:30:00,23.8888888888889,32.5,1.596,0.44,5.47105073793356
1197900.0,2018-07-31 20:45:00,23.888888888888896,31.800000000000004,1.512,0.42,5.263556420253201
1198800.0,2018-07-31 21:00:00,23.8888888888889,31.1,1.436,0.404,5.07481865106372
1199700.0,2018-07-31 21:15:00,23.888888888888896,30.825000000000003,1.396,0.396,4.951728801592321
1200600.0,2018-07-31 21:30:00,23.8888888888889,30.55,1.356,0.388,4.83332808924364
1201500.0,2018-07-31 21:45:00,23.888888888888903,30.275,1.32,0.38,4.7207887982983605
1202400.0,2018-07-31 22:00:00,23.8888888888889,30.0,1.24,0.356,4.44764656089992
1203300.0,2018-07-31 22:15:00,23.888888888888903,29.3,1.124,0.328,4.09361670813456
1204200.0,2018-07-31 22:30:00,23.8888888888889,28.6,1.112,0.328,4.10416726666068
1205100.0,2018-07-31 22:45:00,23.8888888888889,27.9,1.06,0.316,3.9681822901018
1206000.0,2018-07-31 23:00:00,23.888888888888893,27.2,1.016,0.308,3.8568152834372
1206900.0,2018-07-31 23:15:00,23.888888888888896,27.2,0.988,0.3,3.74193142393056
1207800.0,2018-07-31 23:30:00,23.8888888888889,27.2,0.972,0.296,3.6692497985284
1208700.0,2018-07-31 23:45:00,23.8888888888889,27.2,0.952,0.288,3.5930513202842
